"id","n_features","file_bytes"
"10010",22,12826
"10011",22,10573
"10012",22,10932
"10013",22,12781
"10014",22,13696
"10015",22,14011
"10016",22,12841
"10018",22,10539
"10019",22,12455
"10020",22,11467
"10021",22,10453
"10023",22,11967
"10024",22,11342
"10025",22,10339
"10026",22,10876
"10027",22,10813
"10028",22,10724
"10029",22,12688
"10196",22,29805
"10197",22,30820
"10229",22,12050
"10230",22,10964
"10231",22,13119
"10232",22,12604
"10233",22,12753
"10234",22,13671
"10235",22,12272
"10236",22,10702
"10237",22,10365
"10238",22,11326
"10239",22,11680
"10240",22,10690
"10244",22,10542
"10245",22,11286
"10246",22,10735
"10247",22,10600
"10248",22,11282
"1041",21,52073
"10415",22,30357
"10449",22,10852
"10450",22,9837
"10451",22,10924
"10452",22,11922
"10454",22,10181
"10455",22,9960
"10456",22,10959
"10457",22,10992
"10458",22,11268
"10459",22,10041
"10463",22,10030
"10464",22,10570
"10465",22,11341
"10466",22,10786
"10467",22,11709
"10468",22,11148
"10470",22,11452
"10667",22,11128
"10668",22,10849
"10670",22,10206
"10671",22,8655
"10672",22,9133
"10673",22,10303
"10674",22,10244
"10675",22,10375
"10676",22,10238
"10677",22,12387
"10678",22,10793
"10681",22,11143
"10682",22,10746
"10683",22,11024
"10684",22,10165
"10685",22,9929
"10686",22,10675
"10687",22,9922
"10885",22,9715
"10886",22,10585
"10887",22,10649
"10889",22,8088
"10890",22,8575
"10891",22,9587
"10892",22,9956
"10893",22,9253
"10894",22,9560
"10895",22,9916
"10896",22,12474
"10897",22,11239
"10898",22,10626
"10901",22,12039
"10902",22,11973
"10903",22,10187
"10904",22,10393
"10905",22,9573
"11104",22,9254
"11105",22,8256
"11106",22,8496
"11107",22,7818
"11108",22,7884
"11109",22,8783
"11110",22,9460
"11111",22,9299
"11112",22,9175
"11113",22,9205
"11114",22,10548
"11115",22,10707
"11116",22,10466
"11120",22,10348
"11121",22,11488
"11122",22,10481
"11123",22,9336
"11324",22,8671
"11325",22,8078
"11326",22,7386
"11327",22,7954
"11328",22,8160
"11329",22,8728
"11330",22,8828
"11331",22,8984
"11332",22,9751
"11333",22,10422
"11334",22,9799
"11335",22,9376
"11336",22,8682
"11337",22,9125
"11338",22,8923
"11339",22,8762
"11340",22,8798
"11341",22,9514
"11507",22,42265
"11542",22,9286
"11543",22,8341
"11544",22,7894
"11545",22,7797
"11546",22,8596
"11547",22,7998
"11548",22,8640
"11549",22,9387
"11550",22,8228
"11551",22,10023
"11552",22,9900
"11553",22,9210
"11554",22,9027
"11555",22,8466
"11556",22,8874
"11557",22,8785
"11558",22,8469
"11561",22,9172
"11760",22,10369
"11761",22,9111
"11762",22,9573
"11763",22,8707
"11764",22,7878
"11765",22,9323
"11766",22,9165
"11767",22,8300
"11768",22,9012
"11769",22,9315
"11770",22,10026
"11771",22,9222
"11772",22,8963
"11773",22,8752
"11774",22,8465
"11776",22,8017
"11777",22,9460
"11778",22,8540
"11940",22,36956
"11949",22,33677
"11950",22,36691
"11979",22,9466
"11980",22,9387
"11981",22,8723
"11982",22,10109
"11983",22,8504
"11984",22,9956
"11985",22,10805
"11986",22,10493
"11987",22,9180
"11988",22,9173
"11989",22,9119
"11990",22,9263
"11992",22,9147
"11993",22,9817
"11994",22,9249
"11995",22,7805
"11996",22,8316
"11997",22,9123
"11998",22,8738
"12159",22,36726
"12169",22,33834
"12170",22,35259
"12171",22,32803
"12196",22,11917
"12197",22,11653
"12198",22,10397
"12199",22,9668
"12200",22,10551
"12201",22,9487
"12202",22,8511
"12203",22,9291
"12204",22,11078
"12205",22,9572
"12206",22,8851
"12207",22,9587
"12208",22,9711
"12210",22,9184
"12211",22,8006
"12212",22,7684
"12213",22,8315
"12214",22,8012
"12215",22,7736
"12216",22,8672
"12217",22,9064
"12232",22,11128
"12377",22,36886
"12378",22,35214
"12388",22,32518
"12389",22,33230
"12390",22,33598
"12414",22,11870
"12415",22,12565
"12416",22,12375
"12417",22,11075
"12418",22,9346
"12419",22,8798
"12420",22,9442
"12421",22,8378
"12422",22,9423
"12423",22,8199
"12424",22,8640
"12425",22,9454
"12426",22,11456
"12429",22,7698
"12430",22,8096
"12431",22,8748
"12432",22,8208
"12433",22,7931
"12434",22,8795
"12435",22,8757
"12436",22,10409
"12444",22,9886
"12445",22,9845
"12446",22,9988
"12447",22,9733
"12448",22,9681
"12449",22,10233
"12450",22,9935
"12451",22,10675
"12596",22,36744
"12597",22,35942
"12598",22,36476
"12599",22,36407
"1260",21,51085
"12606",22,32026
"12607",22,30105
"12608",22,35070
"12628",22,15167
"12633",22,13239
"12634",22,10575
"12635",22,11432
"12636",22,9945
"12638",22,9621
"12639",22,8768
"12640",22,8041
"12641",22,10250
"12642",22,8105
"12643",22,11017
"12644",22,11463
"12645",22,10711
"12646",22,9631
"12647",22,10208
"12648",22,8533
"12649",22,8059
"12650",22,8152
"12651",22,7536
"12652",22,7775
"12653",22,7704
"12654",22,9401
"12659",22,9016
"12660",22,8990
"12661",22,9406
"12662",22,9919
"12663",22,8744
"12664",22,8890
"12665",22,10942
"12666",22,9067
"12667",22,10360
"12668",22,10932
"12669",22,11092
"12670",22,11235
"12815",22,35796
"12816",22,35290
"12817",22,34742
"12821",22,31942
"12822",22,31387
"12823",22,31890
"12824",21,33306
"12825",21,33915
"12826",21,33312
"12851",21,10313
"12852",21,10903
"12853",21,9566
"12854",21,9394
"12855",21,9085
"12856",21,9909
"12857",21,8775
"12858",21,9127
"12860",21,7514
"12861",21,8643
"12862",21,9135
"12863",21,9051
"12864",21,9098
"12865",21,9287
"12866",21,8754
"12867",21,8358
"12868",21,8384
"12870",21,7381
"12871",21,7305
"12872",21,7988
"12877",21,10125
"12878",21,8770
"12879",21,9422
"12880",21,9103
"12881",21,8146
"12882",21,8617
"12883",21,8321
"12884",21,9622
"12885",21,9047
"12886",21,9604
"12887",21,10149
"12888",21,11282
"13034",21,32519
"13035",21,32511
"13036",21,31174
"13038",21,29971
"13039",21,29902
"13041",21,29502
"13042",21,28947
"13043",21,29861
"13044",21,32613
"13045",21,32732
"13069",21,9945
"13070",21,9375
"13071",21,9528
"13072",21,9265
"13073",21,7720
"13074",21,9265
"13075",21,10262
"13076",21,8896
"13079",21,8611
"13080",21,9248
"13081",21,9124
"13082",21,8336
"13083",21,9060
"13084",21,9029
"13085",21,9086
"13086",21,7906
"13087",21,8095
"13088",21,7381
"13089",21,7490
"13090",21,8040
"13095",21,8977
"13096",21,9390
"13097",21,9065
"13098",21,9549
"13099",21,9397
"13100",20,7886
"13101",21,9023
"13102",21,8708
"13103",21,9106
"13104",21,10146
"13105",21,10057
"13252",21,32081
"13253",21,31508
"13254",21,31067
"13255",21,29618
"13256",21,29138
"13257",21,28860
"13258",21,29256
"13259",21,29688
"13260",21,28595
"13261",21,32896
"13262",21,32620
"13263",21,30787
"13288",21,10518
"13289",21,9184
"13290",21,8763
"13291",21,7807
"13292",21,11140
"13293",21,10803
"13294",21,9651
"13298",21,10562
"13300",21,9085
"13303",21,9284
"13304",20,8153
"13305",21,7664
"13307",21,7443
"13308",21,8040
"13314",21,9831
"13315",21,10094
"13316",21,8933
"13317",21,8664
"13318",21,9081
"13319",21,9410
"13320",21,8971
"13321",21,9027
"13322",21,9397
"13323",21,8938
"13324",21,9986
"13471",21,33346
"13472",21,32105
"13473",21,31251
"13474",21,30333
"13475",21,29159
"13476",21,28170
"13477",21,28860
"13478",21,27430
"13479",21,26604
"13507",21,10086
"13508",21,7852
"13509",21,9041
"13510",21,8972
"13511",21,10101
"13512",21,11039
"13513",21,13463
"13518",21,10777
"13523",21,8980
"13524",21,7915
"13525",21,8033
"13526",21,8222
"13533",21,9864
"13534",21,9631
"13535",21,8894
"13536",21,8682
"13537",21,9020
"13538",21,9306
"13539",21,9653
"13540",21,9192
"13541",21,8983
"13542",21,8851
"13543",21,11178
"13690",21,30859
"13691",21,29917
"13692",21,28972
"13693",21,30471
"13694",21,29800
"13695",21,27773
"13696",21,26799
"13697",21,25401
"13698",21,24440
"13725",21,10520
"13726",21,7858
"13727",21,8993
"13728",21,9518
"13729",21,8931
"13730",21,10999
"13741",21,9863
"13742",21,8107
"13743",21,7854
"13744",21,9862
"13751",21,10415
"13752",21,10021
"13753",21,9174
"13754",21,8848
"13755",21,9605
"13756",21,9566
"13757",21,9931
"13758",21,9426
"13759",21,8962
"13760",21,8556
"13761",21,9209
"13762",21,10673
"13909",21,26470
"13910",21,28489
"13911",21,28489
"13912",21,28000
"13913",21,28006
"13914",21,27061
"13915",21,27061
"13917",21,24944
"13944",21,9028
"13945",21,8711
"13946",21,9621
"13947",21,10078
"13970",21,8931
"13971",21,10461
"13972",21,8717
"13973",21,8907
"13974",21,9722
"13975",21,9830
"13976",21,9807
"13977",21,9645
"13978",21,9064
"13979",21,8726
"13980",21,10474
"14127",21,35177
"14128",21,26544
"14129",21,25751
"14131",21,27562
"14132",21,27084
"14133",21,27042
"14134",21,26601
"14135",21,25142
"14136",21,25126
"14137",21,23132
"14164",21,8709
"14165",21,10245
"14189",21,9608
"14190",21,10098
"14191",21,8928
"14192",21,9293
"14193",21,8761
"14195",21,9674
"14196",21,10084
"14197",21,9946
"14198",21,9492
"14347",21,25242
"14348",21,24938
"14349",21,27201
"14350",21,28627
"14351",21,28322
"14353",21,26487
"14354",21,25956
"14355",21,22900
"14356",21,23160
"14357",21,21384
"14408",21,9494
"14409",21,9550
"14410",21,9459
"14411",21,9279
"14412",21,8833
"14413",21,9314
"14415",21,10871
"14416",21,11081
"14417",21,10165
"14566",21,25249
"14567",21,25743
"14568",21,25735
"14569",21,31078
"14571",21,26344
"14572",21,26506
"14573",21,24013
"14574",21,22850
"14575",21,22790
"14576",21,21109
"14577",21,20225
"14627",21,10048
"14628",21,9631
"14629",21,9083
"14630",21,9545
"14631",21,9361
"14632",21,10315
"14633",21,9925
"14634",21,11452
"14635",21,11031
"14636",21,12697
"14785",21,24843
"14786",21,25366
"14790",21,25344
"14791",21,23916
"14792",21,23935
"14793",21,22224
"14794",21,22855
"14795",21,22548
"14796",21,20708
"14846",21,9739
"14847",21,9349
"14849",21,10637
"14850",21,9957
"14851",21,9823
"14852",21,10434
"15004",21,25569
"15005",21,29811
"15006",21,27693
"15007",21,26247
"15009",21,23387
"15010",21,23087
"15011",21,23985
"15012",21,21994
"15013",21,22047
"15014",21,22329
"15015",21,21553
"15016",21,21234
"15064",21,9736
"15065",21,10222
"15066",21,9110
"15068",21,9046
"15069",21,9372
"15070",21,10541
"15071",21,10565
"15224",21,25320
"15225",21,26262
"15226",21,24977
"15227",21,24997
"15228",21,24466
"15229",21,23547
"15230",21,23180
"15231",21,23000
"15232",21,21840
"15233",21,22133
"15234",21,20807
"15235",21,21083
"15252",21,10788
"15253",21,9486
"15254",21,9113
"15256",21,9514
"15257",21,9351
"15260",21,11334
"15287",21,9091
"15288",21,9848
"15289",21,10616
"15443",21,24546
"15444",21,22920
"15445",21,22917
"15446",21,22391
"15447",21,23239
"15448",21,23011
"15449",21,23228
"15450",21,21888
"15451",21,20997
"15452",21,21132
"15453",21,23145
"15454",21,19447
"15469",21,10266
"15470",21,9116
"15471",21,10126
"15472",21,8861
"15473",21,7996
"15474",21,8718
"15475",21,9378
"15476",21,9519
"15477",21,11379
"15478",21,11890
"15479",21,10721
"15506",21,9820
"15661",21,26557
"15663",21,25010
"15664",21,24205
"15665",21,23186
"15666",21,23653
"15667",21,25583
"15668",21,22492
"15669",21,21594
"15670",21,20979
"15671",21,22632
"15672",21,22340
"15673",21,19533
"15682",21,18851
"15683",21,18932
"15687",21,8942
"15688",21,13210
"15689",21,9323
"15690",21,7616
"15691",21,7414
"15692",21,7223
"15693",21,9018
"15694",21,9507
"15695",21,9098
"15696",21,10273
"15697",21,10337
"15698",21,10861
"15699",21,11267
"15700",21,12482
"15701",21,12815
"15702",21,10295
"15882",21,27028
"15883",21,27816
"15884",21,27043
"15886",21,25659
"15887",21,25449
"15889",21,21709
"15890",21,20827
"15891",21,21456
"15892",21,19674
"15899",21,24930
"15900",21,17797
"15901",21,21679
"15906",21,10776
"15907",21,8191
"15909",21,7805
"15910",21,6788
"15911",21,8934
"15912",21,9298
"15913",21,8323
"15914",21,9336
"15915",21,9415
"15916",21,10129
"15917",21,10982
"15918",21,11946
"15919",21,11829
"15920",21,9185
"15921",21,10152
"15922",21,10632
"15937",21,10864
"16101",21,24296
"16102",21,27409
"16104",21,26398
"16105",21,26516
"16108",21,25695
"16111",21,18686
"16112",21,18204
"16113",21,18204
"16114",21,18262
"16115",21,18688
"16116",21,19504
"16117",21,19018
"16118",21,18968
"16125",21,9141
"16126",21,8122
"16129",21,8463
"16130",21,11273
"16131",21,12315
"16132",21,8484
"16133",21,10126
"16134",21,10134
"16135",21,10141
"16136",21,11370
"16137",21,11543
"16138",21,9529
"16139",21,9903
"16140",21,9220
"16141",21,10774
"16324",21,25851
"16330",21,18952
"16331",21,18511
"16332",21,18160
"16333",21,19246
"16334",21,19010
"16335",21,18217
"16336",21,19525
"16344",21,8656
"16345",21,7795
"16347",21,7342
"16348",21,11635
"16349",21,10065
"16350",21,8846
"16351",21,9179
"16352",21,10045
"16353",21,9871
"16354",21,9664
"16355",21,11307
"16356",21,10281
"16357",21,10254
"16358",21,9684
"16359",21,9265
"16360",21,9629
"16361",21,10227
"16564",21,8857
"16565",21,8173
"16566",21,7902
"16567",21,7612
"16568",21,9051
"16569",21,10011
"16570",21,10481
"16571",21,11119
"16574",21,10456
"16575",21,10337
"16576",21,9802
"16577",21,9504
"16579",21,8861
"16580",21,8866
"16784",21,10030
"16785",21,10851
"16786",21,8121
"16787",21,8496
"16788",21,10972
"16789",21,11010
"16791",21,10062
"16793",21,9916
"16794",21,9397
"16795",21,9450
"16797",21,9389
"16981",21,25958
"16982",21,25990
"16984",21,27442
"16985",21,25929
"16986",21,21875
"17004",21,10093
"17005",21,9021
"17006",21,9416
"17007",21,9997
"17008",21,10589
"17009",21,10383
"17010",21,9907
"17011",21,8888
"17012",21,9262
"17013",21,9642
"17014",21,9041
"17015",21,8950
"17016",21,8835
"17017",21,9416
"17200",21,27315
"17201",21,27799
"17202",21,28893
"17203",21,28532
"17204",21,25646
"17205",21,23106
"17223",21,10008
"17224",21,10621
"17225",21,10841
"17226",21,11208
"17227",21,9972
"17228",21,10687
"17229",21,9686
"17230",21,9168
"17231",21,9277
"17232",21,8907
"17233",21,8913
"17234",21,8930
"17235",21,8856
"17422",21,28161
"17443",21,10374
"17444",21,11431
"17445",21,10862
"17447",21,9556
"17448",21,9403
"17449",21,9020
"17450",21,9206
"17451",21,9167
"17452",21,8670
"17453",21,8570
"17454",21,9575
"17465",21,13899
"17636",21,24093
"17637",21,24576
"17638",21,26662
"17640",21,27957
"17641",21,22380
"17642",21,23236
"17644",21,21594
"17663",21,10724
"17665",21,9350
"17666",21,9118
"17667",21,9771
"17668",21,8916
"17669",21,8753
"17670",21,8626
"17671",21,9403
"17672",21,9297
"17673",21,10533
"17674",21,9938
"17675",21,9667
"17724",21,14669
"17725",21,13569
"17856",21,24882
"17860",21,21596
"17861",21,24174
"17862",21,24213
"17863",21,21272
"17881",21,11327
"17882",21,10244
"17883",21,9634
"17884",21,9614
"17885",21,9080
"17886",21,9512
"17887",21,10075
"17888",21,8265
"17889",21,8442
"17890",21,9036
"17891",21,9581
"17892",21,10304
"17893",21,10022
"17894",21,9140
"17895",21,9101
"17943",21,11706
"17944",21,12940
"17945",21,13621
"17946",21,13914
"17947",21,15047
"18075",21,23588
"18079",21,21158
"18080",21,20932
"18081",21,21980
"18082",21,20297
"18099",21,11476
"18100",21,11604
"18101",21,10773
"18102",21,9193
"18103",21,9548
"18104",21,10034
"18105",21,9700
"18106",21,9519
"18107",21,8490
"18108",21,8784
"18109",21,8877
"18110",21,9873
"18111",21,9181
"18112",21,9741
"18113",21,9355
"18114",21,9118
"18143",21,20407
"18160",21,11900
"18161",21,11953
"18162",21,11571
"18163",21,12943
"18164",21,13664
"18165",21,13650
"18166",21,14061
"18167",21,13911
"18255",21,19108
"18294",21,22526
"18295",21,22729
"18301",21,20028
"18302",21,19566
"18308",21,16125
"18319",21,10985
"18320",21,10411
"18321",21,9904
"18322",21,9761
"18323",21,9702
"18324",21,10648
"18325",21,9193
"18326",21,8519
"18327",21,8196
"18328",21,8685
"18329",21,9098
"18330",21,9346
"18331",21,8743
"18332",21,9220
"18333",21,8671
"18379",21,11212
"18380",21,11644
"18381",21,12363
"18382",21,13417
"18383",21,12823
"18384",21,13353
"18385",21,13739
"18386",21,13799
"18387",21,13368
"18498",21,25608
"18500",21,27729
"18511",21,23673
"18514",21,20972
"18515",21,21371
"18516",21,20091
"18520",21,19681
"18521",21,19400
"18538",21,11002
"18539",21,10873
"18540",21,10111
"18541",21,10344
"18542",21,10060
"18543",21,9039
"18544",21,8383
"18545",21,8778
"18548",21,8866
"18549",21,9179
"18550",21,9470
"18598",21,11319
"18599",21,11186
"18600",21,11953
"18601",21,14000
"18602",21,13064
"18603",21,12953
"18604",21,13601
"18605",21,13787
"18606",21,13328
"18735",21,20494
"18736",21,20086
"18737",21,18955
"18758",21,12660
"18759",21,11114
"18760",21,9827
"18761",21,8773
"18762",21,8782
"18763",21,9279
"18766",21,9046
"18767",21,8863
"18768",21,9464
"18775",21,18293
"18815",21,11010
"18817",21,10891
"18818",21,10828
"18819",21,11328
"18820",21,12402
"18821",21,12698
"18822",21,12654
"18823",21,13325
"18824",21,13834
"18825",21,13376
"18907",21,17660
"18954",21,18362
"18955",21,17885
"18977",21,10580
"18980",21,8423
"18981",21,8878
"18982",21,8960
"18983",21,8948
"18987",21,8756
"18988",21,8764
"19033",21,10991
"19034",21,10835
"19035",21,10737
"19036",21,10799
"19037",21,11329
"19038",21,11489
"19039",21,11731
"19040",21,13231
"19041",21,12154
"19042",21,12559
"19043",21,13420
"19044",21,13491
"19045",21,14880
"19130",21,17926
"19132",21,21975
"19172",21,17395
"19173",21,16916
"19174",21,17493
"19197",21,7297
"19198",21,7457
"19199",21,8035
"19201",21,8974
"19202",21,9392
"19203",21,8805
"19205",21,8849
"19207",21,9205
"19254",21,10848
"19255",21,10693
"19256",21,12550
"19257",21,11979
"19258",21,13232
"19259",21,13208
"19260",21,12802
"19261",21,13266
"19262",21,13599
"19263",21,13333
"19264",21,15109
"19346",21,16994
"19347",21,15348
"19348",21,17921
"19349",21,17437
"19351",21,21209
"19352",21,21848
"19379",21,22728
"19390",21,18787
"19391",21,17399
"19392",21,16433
"19414",21,8443
"19415",21,7470
"19417",21,7288
"19418",21,7737
"19419",21,6694
"19421",21,6337
"19422",21,8411
"19423",21,8995
"19424",21,8987
"19425",21,8796
"19471",21,11307
"19472",21,11044
"19473",21,10508
"19474",21,10930
"19475",21,10953
"19476",21,12303
"19477",21,13072
"19478",21,13102
"19479",21,13496
"19480",21,12880
"19481",21,13676
"19482",21,15346
"19564",21,18370
"19565",21,15940
"19566",21,14458
"19567",21,17926
"19568",21,15912
"19570",21,15533
"19571",21,21007
"19596",21,18601
"19597",21,19020
"19598",21,18376
"19599",21,16702
"19600",21,16351
"19608",21,17529
"19611",21,15559
"19628",21,10127
"19630",21,8212
"19633",21,8121
"19634",21,6933
"19635",21,6973
"19636",21,6619
"19637",21,7532
"19640",21,6856
"19641",21,8131
"19643",21,8573
"19693",21,11416
"19694",21,11771
"19695",21,13063
"19696",21,12304
"19697",21,13597
"19698",21,12789
"19699",21,13476
"19700",21,13525
"19783",21,18363
"19784",21,16476
"19785",21,14455
"19786",21,16528
"19787",21,17283
"19788",21,14475
"19789",21,15117
"19790",21,24218
"19791",21,20313
"19815",21,17037
"19816",21,17737
"19817",21,17721
"19818",21,17578
"19819",21,17064
"19820",21,16135
"19822",21,17921
"19825",21,17251
"19826",21,16345
"19827",21,17344
"19828",21,16583
"19831",21,13779
"19832",21,14442
"19834",21,14733
"19846",21,12497
"19847",21,7770
"19848",21,7122
"19849",21,6921
"19850",21,6821
"19851",21,7486
"19852",21,6874
"19853",21,7464
"19854",21,6932
"19855",21,7480
"19856",21,6560
"19857",21,6683
"19858",21,6564
"19859",21,7171
"19860",21,7048
"19862",21,7260
"19916",21,13811
"19917",21,13064
"19918",21,14046
"19919",21,15518
"20002",21,16896
"20003",21,15967
"20004",21,14447
"20005",21,16578
"20006",21,17076
"20007",21,14225
"20008",21,15229
"20009",21,22915
"20010",21,19683
"20032",21,18657
"20033",21,15828
"20034",21,16350
"20035",21,16583
"20036",21,16470
"20037",21,16488
"20038",21,17943
"20039",21,17281
"20040",21,15593
"20041",21,17431
"20044",21,17749
"20045",21,17049
"20047",21,14403
"20048",21,14748
"20065",21,7904
"20066",21,8088
"20067",21,7129
"20068",21,7174
"20069",21,6967
"20070",21,6914
"20071",21,7028
"20072",21,7040
"20073",21,6937
"20074",21,6908
"20075",21,6329
"20076",21,6354
"20077",21,6744
"20078",21,6862
"20079",21,6428
"20080",21,7246
"20081",21,7246
"20111",21,24948
"20113",21,22575
"20125",21,12263
"20126",21,11868
"20127",21,11359
"20220",21,17377
"20221",21,16437
"20222",21,15079
"20223",21,16490
"20224",21,16630
"20225",21,16667
"20226",21,14219
"20227",21,15120
"20228",21,19184
"20229",21,19662
"20230",21,19779
"20250",21,17166
"20251",21,17145
"20252",21,16519
"20253",21,15033
"20254",21,15499
"20255",21,14899
"20256",21,14841
"20257",21,14625
"20258",21,14732
"20259",21,12989
"20260",21,14220
"20261",21,13499
"20262",21,13741
"20263",21,14883
"20266",21,14748
"20267",21,15147
"20270",21,13968
"20284",21,8361
"20285",21,7882
"20286",21,6597
"20287",21,6804
"20289",21,7212
"20290",21,7169
"20291",21,6850
"20292",21,7473
"20293",21,6537
"20294",21,6219
"20295",21,6270
"20296",21,6170
"20297",21,6132
"20298",21,6480
"20299",21,7306
"20343",21,10759
"20344",21,12343
"20345",21,11374
"20346",21,11749
"20439",21,18189
"20440",21,16312
"20441",21,15077
"20442",21,16539
"20443",21,16266
"20444",21,15067
"20445",21,13999
"20446",21,14334
"20447",21,18318
"20448",21,20445
"20449",21,20347
"20450",21,19834
"20469",21,17334
"20470",21,16315
"20471",21,16367
"20472",21,14646
"20473",21,14536
"20474",21,13401
"20475",21,14608
"20476",21,13902
"20477",21,14190
"20480",21,12918
"20488",21,14170
"20489",21,15162
"20504",21,7122
"20505",21,6438
"20506",21,7390
"20507",21,6369
"20508",21,6465
"20509",21,7451
"20510",21,7488
"20511",21,6494
"20512",21,6429
"20513",21,6346
"20514",21,6439
"20515",21,6212
"20516",21,6543
"20517",21,6395
"20518",21,7030
"20562",21,10854
"20563",21,11138
"20564",21,10044
"20565",21,10986
"20655",21,20976
"20656",21,19866
"20657",21,20218
"20658",21,17939
"20659",21,17041
"20660",21,15569
"20661",21,15828
"20662",21,14727
"20664",21,14401
"20665",21,14768
"20666",21,17433
"20667",21,20705
"20668",21,20285
"20689",21,16038
"20690",21,14293
"20691",21,13659
"20692",21,13790
"20693",21,13445
"20694",21,13452
"20695",21,13420
"20696",21,13612
"20697",21,12873
"20698",21,12742
"20699",21,12620
"20703",21,13925
"20707",21,12963
"20708",21,14551
"20721",21,8313
"20723",21,7113
"20724",21,7255
"20725",21,6912
"20726",21,6669
"20727",21,6040
"20728",21,6489
"20729",21,6357
"20730",21,6694
"20731",21,5739
"20732",21,6409
"20733",21,6394
"20734",21,6762
"20735",21,6443
"20736",21,6645
"20737",21,7498
"20742",21,14172
"20781",21,10819
"20782",21,10482
"20783",21,10928
"20784",21,11109
"20785",21,10150
"20797",21,17714
"20874",21,19837
"20875",21,18524
"20876",21,18600
"20877",21,17568
"20878",21,17323
"20879",21,16005
"20881",21,13898
"20882",21,11474
"20883",21,13924
"20884",21,16521
"20885",21,17367
"20886",21,17435
"20887",21,18098
"20888",21,18645
"20909",21,16906
"20910",21,15394
"20911",21,13100
"20912",21,12487
"20913",21,12878
"20914",21,12642
"20915",21,12681
"20916",21,13472
"20917",21,13874
"20918",21,13578
"20919",21,13362
"20921",21,12039
"20922",21,11024
"20923",21,11077
"20940",21,9233
"20942",21,7477
"20943",21,7233
"20944",21,7208
"20945",21,6779
"20946",21,6500
"20947",21,6132
"20948",21,6192
"20949",21,5603
"20950",21,6498
"20951",21,6790
"20952",21,7021
"20953",21,6326
"20954",21,6648
"20962",21,17534
"21001",21,10734
"21002",21,10895
"21003",21,10118
"21006",21,10537
"21007",21,10755
"21095",21,17696
"21097",21,16424
"21100",21,13122
"21101",21,10942
"21102",21,11506
"21103",21,15033
"21104",21,18069
"21105",21,18552
"21106",21,18348
"21107",21,17451
"21112",21,19205
"21113",21,20558
"21128",21,16426
"21129",21,15460
"21130",21,13703
"21131",21,12853
"21132",21,12791
"21133",21,12271
"21134",21,11492
"21135",21,12094
"21136",21,11475
"21137",21,11815
"21140",21,10156
"21141",21,9990
"21142",21,10709
"21159",21,8636
"21162",21,6750
"21163",21,7075
"21164",21,6977
"21165",21,6667
"21166",21,6436
"21167",21,5604
"21168",21,5612
"21169",21,5944
"21170",21,6069
"21171",21,6418
"21172",21,6524
"21173",21,7457
"21216",21,11578
"21220",21,11268
"21221",21,10303
"21222",21,10177
"21223",21,9851
"21225",21,10441
"21227",21,12073
"21228",21,12339
"21315",21,18575
"21316",21,17654
"21319",21,12774
"21320",21,10706
"21321",21,12438
"21322",21,12446
"21323",21,14920
"21325",21,17719
"21331",21,18787
"21332",21,18074
"21347",21,19172
"21348",21,15080
"21349",21,13706
"21350",21,13787
"21352",21,11747
"21356",21,10883
"21357",21,12260
"21358",21,10640
"21359",21,9673
"21360",21,9592
"21361",21,10243
"21363",21,9721
"21383",21,7002
"21384",21,6925
"21385",21,7599
"21386",21,6269
"21387",21,6102
"21388",21,6036
"21389",21,6142
"21390",21,6825
"21391",21,6477
"21392",21,7545
"21393",21,12526
"21434",21,12187
"21438",21,10064
"21439",21,10083
"21440",21,10838
"21441",21,9521
"21442",21,9758
"21443",21,10557
"21444",21,10949
"21445",21,11199
"21446",21,11586
"21534",21,18053
"21535",21,17644
"21538",21,11804
"21539",21,11033
"21540",21,12562
"21541",21,15033
"21542",21,17203
"21548",21,16623
"21549",21,16959
"21550",21,16668
"21551",21,18044
"21552",21,17053
"21567",21,17251
"21568",21,16099
"21570",21,12861
"21571",21,11911
"21572",21,12578
"21574",21,12438
"21575",21,10843
"21576",21,9615
"21577",21,9766
"21578",21,9267
"21579",21,9793
"21580",21,10369
"21581",21,9708
"21582",21,10378
"21583",21,10240
"21604",21,6885
"21605",21,7219
"21606",21,6812
"21607",21,6502
"21608",21,6441
"21609",21,6767
"21610",21,6612
"21611",21,9654
"21643",21,22359
"21653",21,12733
"21657",21,10305
"21658",21,10440
"21659",21,10133
"21660",21,9730
"21661",21,9892
"21662",21,10818
"21663",21,11731
"21664",21,12012
"21665",21,11012
"21757",21,11367
"21758",21,11327
"21759",21,12322
"21760",21,13988
"21761",21,15149
"21762",21,14966
"21763",21,13749
"21764",21,14340
"21765",21,14674
"21766",21,15569
"21767",21,16658
"21768",21,15790
"21769",21,17416
"21770",21,17633
"21789",21,12556
"21790",21,12013
"21791",21,11235
"21793",21,10188
"21794",21,9898
"21795",21,10067
"21796",21,9782
"21797",21,9104
"21798",21,10406
"21799",21,10643
"21800",21,9887
"21801",21,10136
"21802",21,9720
"21803",21,11743
"21822",21,6093
"21823",21,6771
"21824",21,6869
"21825",21,6325
"21826",21,6708
"21827",21,6546
"21828",21,6375
"21829",21,7590
"21856",21,19381
"21857",21,17935
"21864",21,17576
"21871",21,13858
"21875",21,10656
"21876",21,10309
"21877",21,10616
"21878",21,10675
"21879",21,10167
"21880",21,10391
"21881",21,10616
"21882",21,10310
"21883",21,10436
"21951",21,36508
"21954",21,33780
"21961",21,27007
"21976",21,11856
"21977",21,12014
"21978",21,11969
"21979",21,19720
"21982",21,13644
"21983",21,14111
"21984",21,14608
"21985",21,15466
"21986",21,16044
"21987",21,15866
"21988",21,18047
"21993",21,23323
"21994",21,24319
"22007",21,11646
"22008",21,11760
"22009",21,11801
"22011",21,11894
"22012",21,9714
"22013",21,10317
"22014",21,11093
"22015",21,9612
"22016",21,10089
"22017",21,11052
"22019",21,12245
"22020",21,10483
"22021",21,9917
"22034",21,9000
"22039",21,7348
"22040",21,6435
"22041",21,5920
"22042",21,6695
"22043",21,6249
"22044",21,6857
"22045",21,7072
"22046",21,6429
"22047",21,7152
"22081",21,17111
"22093",21,10630
"22094",21,11071
"22095",21,10533
"22096",21,10346
"22097",21,10564
"22098",21,10312
"22099",21,10054
"22100",21,10780
"22101",21,10419
"22102",21,11947
"22169",21,36077
"22170",21,36271
"22179",21,29019
"22180",21,27578
"22195",21,11083
"22196",21,12440
"22197",21,13579
"22198",21,20086
"22201",21,13260
"22203",21,14401
"22204",21,14869
"22205",21,15173
"22206",21,15436
"22207",21,16108
"22226",21,12011
"22227",21,11556
"22228",21,11646
"22229",21,11061
"22230",21,10802
"22231",21,10302
"22232",21,10901
"22233",21,9058
"22234",21,10230
"22235",21,11039
"22236",21,11536
"22239",21,11082
"22250",21,7554
"22251",21,7614
"22253",21,8098
"22254",21,7323
"22259",21,6450
"22262",21,6049
"22263",21,5771
"22264",21,6073
"22265",21,8014
"22266",21,5764
"22267",21,6841
"22292",21,20242
"22293",21,20155
"22297",21,18581
"22306",21,16461
"22310",21,12736
"22312",21,11168
"22313",21,11209
"22314",21,10802
"22315",21,10556
"22316",21,10142
"22317",21,9949
"22318",21,10351
"22319",21,10989
"22320",21,10987
"22398",21,28088
"22399",21,26726
"22415",21,11336
"22419",21,12464
"22420",21,13261
"22421",21,13045
"22422",21,14522
"22423",21,14805
"22424",21,14399
"22425",21,14747
"22426",21,15155
"22427",21,16611
"22428",21,17317
"22433",21,23511
"22434",21,26329
"22440",21,16742
"22444",21,12980
"22445",21,12495
"22448",21,11210
"22449",21,11316
"22450",21,10594
"22451",21,10678
"22452",21,11524
"22453",21,11847
"22454",21,12007
"22455",21,11515
"22457",21,11273
"22458",21,11087
"22469",21,7716
"22470",21,7098
"22471",21,7601
"22472",21,7197
"22473",21,7573
"22474",21,6727
"22475",21,6706
"22477",21,6598
"22478",21,5936
"22479",21,6210
"22480",21,5825
"22481",21,5858
"22482",21,5459
"22483",21,5981
"22484",21,5758
"22485",21,6500
"22510",21,19114
"22512",21,21142
"22531",21,11168
"22532",21,11166
"22533",21,11226
"22534",21,11235
"22535",21,10633
"22536",21,10397
"22537",21,10830
"22545",21,17566
"22591",21,27090
"22618",21,25777
"22637",21,13240
"22638",21,14489
"22639",21,13642
"22640",21,14065
"22641",21,14210
"22642",21,14311
"22643",21,14876
"22644",21,15541
"22645",21,16374
"22646",21,16831
"22652",21,23751
"22653",21,23780
"22654",21,24535
"22663",21,13539
"22665",21,12339
"22666",21,11472
"22667",21,11563
"22668",21,9947
"22669",21,10812
"22670",21,11891
"22671",21,11949
"22673",21,12995
"22675",21,11922
"22687",21,7178
"22688",21,6595
"22689",21,6156
"22691",21,8289
"22692",21,7740
"22693",21,6539
"22694",21,6429
"22695",21,6301
"22696",21,6369
"22697",21,6039
"22698",21,5780
"22699",21,5870
"22700",21,5932
"22701",21,5751
"22702",21,5982
"22703",21,5868
"22704",21,7810
"22705",21,6492
"22728",21,20908
"22751",21,10796
"22752",21,11521
"22753",21,10427
"22754",21,10179
"22755",21,10707
"22756",21,10745
"22765",21,17582
"22808",21,29474
"22809",21,29248
"22810",21,25511
"22811",21,24548
"22843",21,17407
"22857",21,13189
"22858",21,13462
"22859",21,13252
"22860",21,13616
"22861",21,14055
"22862",21,14439
"22863",21,14562
"22864",21,16592
"22865",21,16813
"22872",21,22256
"22873",21,23112
"22875",21,20237
"22876",21,18843
"22877",21,18395
"22881",21,14531
"22884",21,12070
"22885",21,11717
"22887",21,10983
"22888",21,11980
"22889",21,11650
"22890",21,12463
"22906",21,6110
"22907",21,5995
"22908",21,6215
"22909",21,6427
"22910",21,6533
"22911",21,7165
"22912",21,6108
"22913",21,6237
"22914",21,5749
"22915",21,6438
"22916",21,6463
"22917",21,5889
"22918",21,5504
"22919",21,5981
"22920",21,6068
"22921",21,6315
"22922",21,6878
"22923",21,7058
"22949",21,22878
"22971",21,11550
"22972",21,11417
"22973",21,10338
"22974",21,10263
"23027",21,29338
"23028",21,27835
"23029",21,24539
"23030",21,26229
"23031",21,27674
"23032",21,24891
"23044",21,31594
"23045",21,32018
"23055",21,25771
"23075",21,13520
"23076",21,13850
"23077",21,13117
"23078",21,12951
"23079",21,13603
"23080",21,14368
"23081",21,14057
"23082",21,14580
"23083",21,15025
"23084",21,15676
"23090",21,20869
"23091",21,21311
"23092",21,20746
"23096",21,18858
"23102",21,12572
"23103",21,12085
"23104",21,12136
"23105",21,11194
"23106",21,13132
"23107",21,12858
"23108",21,12407
"23109",21,13153
"23123",21,6321
"23125",21,5648
"23126",21,5635
"23127",21,5987
"23128",21,6857
"23129",21,6602
"23130",21,6579
"23131",21,7081
"23132",21,5832
"23133",21,6603
"23134",21,6364
"23135",21,6383
"23136",21,5736
"23137",21,5780
"23138",21,6143
"23139",21,6624
"23140",21,6288
"23141",21,7073
"23142",21,8993
"23143",21,10711
"23144",21,8968
"23191",21,11271
"23246",21,34274
"23247",21,29317
"23248",21,25580
"23249",21,27420
"23250",21,28571
"23251",21,27158
"23252",21,24270
"23273",21,27907
"23274",21,25493
"23276",21,22773
"23291",21,13748
"23295",21,13779
"23296",21,12996
"23297",21,12887
"23298",21,13578
"23299",21,13872
"23300",21,14729
"23301",21,14617
"23311",21,20187
"23313",21,19007
"23314",21,16795
"23315",21,16436
"23316",21,16060
"23320",21,17444
"23321",21,13195
"23322",21,12775
"23325",21,12529
"23326",21,13269
"23327",21,12980
"23341",21,10575
"23342",21,6041
"23343",21,6174
"23344",21,5692
"23345",21,5702
"23346",21,6337
"23347",21,6334
"23348",21,6017
"23349",21,6285
"23350",21,6791
"23351",21,6254
"23352",21,6096
"23353",21,6418
"23354",21,6389
"23355",21,6184
"23356",21,5527
"23357",21,5904
"23358",21,6334
"23359",21,5818
"23360",21,7492
"23361",21,8138
"23362",21,8847
"23363",21,9694
"23379",21,15223
"23419",21,14285
"23465",21,33587
"23466",21,30663
"23467",21,32011
"23468",21,30581
"23469",21,28578
"23470",21,30185
"23471",21,23087
"23480",21,29001
"23482",21,29812
"23483",21,30364
"23486",21,31896
"23487",21,32796
"23488",21,29551
"23493",21,26203
"23495",21,22894
"23514",21,11324
"23516",21,13938
"23517",21,13604
"23518",21,14531
"23519",21,14271
"23520",21,14854
"23532",21,18890
"23533",21,16792
"23534",21,16927
"23535",21,16682
"23536",21,16288
"23537",21,16533
"23539",21,13719
"23540",21,12495
"23553",21,12557
"23554",21,11198
"23560",21,8807
"23561",21,6552
"23562",21,6368
"23563",21,6358
"23565",21,5860
"23566",21,5633
"23567",21,5889
"23568",21,6171
"23569",21,6184
"23570",21,6204
"23571",21,5955
"23572",21,6170
"23573",21,5606
"23574",21,6226
"23575",21,6653
"23576",21,6705
"23577",21,6332
"23578",21,6181
"23579",21,7702
"23580",21,8615
"23581",21,9201
"23582",21,10210
"23583",21,9262
"23588",21,13989
"23589",21,13421
"23622",21,18806
"23685",21,31045
"23686",21,29193
"23687",21,30535
"23688",21,32447
"23689",21,32927
"23690",21,31871
"23691",21,23502
"23699",21,28340
"23700",21,29465
"23701",21,29809
"23704",21,33433
"23706",21,34770
"23708",21,35706
"23709",21,27002
"23711",21,26205
"23713",21,22422
"23733",21,11282
"23735",21,12484
"23736",21,13940
"23737",21,13920
"23738",21,14593
"23752",21,15678
"23753",21,16407
"23754",21,16108
"23755",21,15379
"23756",21,16650
"23758",21,13136
"23774",21,9142
"23775",21,10055
"23778",21,8835
"23779",21,8622
"23780",21,6996
"23781",21,6376
"23783",21,6313
"23784",21,6132
"23785",21,5963
"23786",21,6369
"23787",21,6027
"23788",21,5906
"23789",21,5593
"23790",21,6028
"23791",21,6179
"23792",21,5564
"23793",21,5898
"23794",21,5887
"23795",21,6342
"23796",21,6018
"23797",21,5991
"23798",21,6451
"23799",21,7164
"23800",21,7487
"23801",21,8174
"23807",21,12576
"23808",21,12786
"23904",21,25992
"23905",21,28160
"23906",21,29986
"23907",21,34313
"23908",21,32402
"23910",21,23523
"23918",21,28067
"23926",21,28658
"23927",21,27807
"23928",21,28161
"23952",21,11412
"23953",21,11171
"23972",21,16214
"23973",21,16872
"23974",21,14835
"23975",21,14222
"23976",21,13779
"23992",21,9509
"23993",21,9214
"23996",21,8258
"23997",21,7388
"23998",21,7685
"23999",21,7454
"24000",21,6440
"24001",21,6898
"24002",21,6531
"24003",21,6253
"24004",21,6025
"24005",21,6124
"24006",21,6650
"24007",21,6044
"24008",21,5806
"24009",21,5550
"24010",21,5415
"24011",21,5369
"24012",21,5571
"24013",21,5643
"24014",21,6381
"24015",21,7728
"24016",21,6476
"24017",21,6523
"24018",21,6731
"24019",21,7415
"24026",21,12517
"24027",21,12339
"24038",21,29053
"24124",21,25335
"24125",21,22883
"24132",21,25938
"24133",21,26899
"24135",21,25136
"24136",21,26022
"24140",21,28682
"24145",21,27066
"24149",21,25436
"24210",21,9467
"24211",21,9230
"24212",21,8593
"24215",21,8409
"24216",21,8402
"24217",21,8167
"24218",21,8185
"24219",21,7374
"24220",21,7040
"24221",21,7525
"24222",21,6157
"24223",21,7070
"24224",21,6720
"24225",21,6854
"24226",21,6437
"24227",21,5841
"24228",21,5845
"24229",21,5780
"24230",21,5911
"24231",21,5667
"24232",21,5536
"24233",21,5855
"24234",21,5514
"24235",21,6454
"24236",21,6523
"24237",21,6790
"24238",21,7133
"24343",21,22755
"24344",21,23508
"24351",21,25549
"24352",21,26491
"24354",21,23479
"24355",21,27880
"24356",21,28107
"24357",21,27757
"24361",21,25446
"24362",21,26316
"24425",21,15272
"24428",21,8635
"24429",21,9330
"24430",21,8288
"24434",21,8046
"24435",21,8898
"24439",21,8204
"24440",21,7073
"24441",21,6743
"24442",21,6430
"24443",21,6766
"24444",21,6654
"24445",21,6598
"24446",21,5844
"24447",21,5729
"24448",21,5384
"24449",21,6115
"24450",21,5667
"24451",21,5675
"24452",21,6053
"24453",21,5893
"24455",21,6889
"24456",21,6845
"24457",21,6926
"24462",21,12508
"24561",21,22514
"24562",21,22885
"24563",21,21950
"24564",21,21595
"24573",21,25416
"24574",21,22561
"24575",21,25434
"24576",21,25032
"24579",21,23524
"24580",21,23020
"24646",21,8582
"24647",21,8307
"24648",21,8847
"24649",21,8362
"24650",21,7999
"24653",21,7972
"24654",21,8445
"24655",21,9101
"24656",21,7847
"24658",21,7209
"24659",21,6836
"24660",21,6763
"24661",21,6539
"24662",21,6671
"24663",21,7056
"24664",21,6685
"24665",21,6164
"24666",21,5959
"24667",21,5663
"24668",21,5750
"24669",21,5675
"24670",21,5918
"24671",21,6209
"24672",21,6755
"24674",21,9475
"24675",21,7190
"24676",21,7745
"24779",21,24929
"24780",21,24927
"24781",21,37850
"24782",21,21476
"24783",21,23343
"24784",21,20631
"24785",21,19529
"24786",21,20702
"24789",21,24459
"24795",21,23853
"24798",21,24006
"24799",21,22090
"24865",21,9685
"24866",21,9099
"24867",21,7506
"24868",21,7711
"24869",21,8051
"24874",21,7689
"24875",21,7721
"24876",21,6753
"24877",21,6067
"24878",21,7156
"24879",21,7046
"24880",21,6882
"24881",21,6610
"24882",21,6709
"24883",21,6925
"24884",21,6467
"24885",21,6130
"24886",21,5678
"24887",21,5731
"24888",21,5858
"24889",21,6718
"24890",21,6574
"24891",21,8492
"24892",21,7593
"24893",21,7552
"24894",21,8503
"24997",21,25272
"24998",21,24863
"24999",21,40082
"25000",21,24116
"25001",21,38875
"25002",21,24353
"25003",21,30392
"25004",21,31214
"25005",21,17756
"25008",21,24020
"25009",21,23536
"25010",21,22692
"25011",21,20795
"25013",21,24096
"25014",21,24090
"25017",21,22602
"25018",21,22116
"25019",21,22598
"25067",21,24344
"25080",21,11771
"25084",21,8371
"25085",21,8529
"25086",21,8957
"25087",21,8574
"25088",21,7680
"25091",21,7011
"25093",21,7212
"25094",21,7873
"25095",21,6342
"25096",21,6335
"25097",21,6734
"25098",21,6898
"25099",21,6834
"25100",21,6922
"25101",21,6582
"25102",21,7305
"25103",21,6879
"25104",21,6739
"25105",21,6659
"25106",21,6141
"25107",21,6361
"25108",21,6343
"25109",21,6563
"25110",21,7319
"25111",21,7250
"25112",21,7115
"25120",21,9662
"25121",21,9849
"25156",21,16759
"25214",21,26910
"25215",21,25915
"25216",21,32740
"25218",21,41510
"25219",21,23077
"25220",21,24602
"25221",21,22201
"25222",21,26439
"25223",21,24954
"25224",21,26794
"25228",21,21165
"25229",21,19983
"25230",21,19017
"25231",21,20236
"25232",21,21042
"25233",21,25998
"25234",21,23587
"25235",21,22375
"25237",21,20664
"25238",21,20759
"25301",21,9513
"25302",21,8166
"25303",21,8172
"25304",21,8575
"25305",21,8663
"25306",21,8785
"25307",21,8355
"25308",21,7602
"25309",21,8804
"25310",21,9018
"25312",21,6962
"25313",21,7011
"25314",21,7294
"25315",21,6969
"25316",21,6943
"25317",21,6595
"25318",21,6537
"25319",21,6596
"25320",21,6483
"25321",21,6815
"25322",21,7398
"25323",21,8345
"25324",21,7357
"25325",21,6712
"25326",21,6489
"25327",21,6746
"25328",21,6688
"25329",21,7141
"25330",21,7130
"25338",21,9804
"25339",21,9594
"25433",21,31149
"25434",21,32443
"25439",21,22030
"25440",21,31384
"25441",21,24030
"25442",21,19585
"25443",21,22730
"25444",21,17219
"25446",21,23310
"25447",21,21155
"25448",21,19329
"25449",21,17561
"25450",21,17137
"25451",21,17681
"25453",21,25053
"25454",21,23347
"25455",21,21842
"25456",21,19929
"25457",21,18767
"25458",21,19605
"25466",21,10897
"25467",21,8413
"25521",21,8843
"25522",21,7951
"25523",21,9082
"25524",21,9354
"25525",21,8883
"25526",21,9011
"25527",21,7950
"25528",21,8081
"25529",21,8322
"25530",21,7476
"25531",21,7008
"25532",21,7232
"25533",21,6553
"25534",21,6707
"25535",21,6709
"25536",21,6877
"25537",21,6773
"25538",21,7069
"25539",21,6675
"25540",21,6941
"25541",21,7482
"25542",21,7573
"25543",21,7006
"25544",21,7344
"25545",21,6987
"25546",21,7137
"25548",21,7493
"25549",21,7387
"25550",21,7968
"25553",21,13663
"25554",21,8846
"25555",21,9810
"25556",21,9337
"25557",21,9625
"25558",21,10017
"25659",21,33013
"25660",21,21198
"25667",21,18726
"25668",21,17341
"25669",21,16657
"25670",21,16512
"25676",21,21655
"25685",21,9098
"25686",21,8437
"25719",21,25569
"25735",21,10710
"25737",21,10107
"25738",21,9490
"25739",21,9380
"25740",21,8253
"25741",21,7514
"25742",21,9850
"25743",21,8582
"25744",21,9449
"25745",21,9020
"25746",21,8635
"25747",21,7702
"25748",21,8194
"25749",21,7802
"25750",21,8515
"25751",21,7265
"25752",21,7075
"25753",21,6864
"25754",21,6668
"25755",21,6873
"25756",21,6732
"25757",21,6879
"25758",21,6867
"25759",21,7335
"25760",21,7045
"25761",21,6796
"25762",21,7276
"25763",21,7088
"25764",21,7266
"25765",21,7432
"25766",21,7158
"25767",21,7155
"25768",21,7485
"25771",21,13340
"25772",21,9361
"25773",21,9481
"25774",21,9620
"25775",21,9011
"25776",21,9578
"25777",21,9103
"25786",21,23272
"25885",21,16281
"25887",21,14218
"25888",21,15673
"25889",21,14364
"25891",21,12438
"25892",21,18356
"25903",21,9042
"25904",21,8543
"25905",21,7031
"25946",21,16310
"25947",21,20460
"25949",21,19493
"25950",21,16866
"25952",21,12531
"25953",21,11611
"25954",21,11884
"25955",21,11294
"25956",21,8988
"25957",21,10145
"25958",21,8935
"25959",21,8792
"25960",21,10468
"25961",21,9617
"25962",21,9625
"25963",21,9778
"25968",21,8018
"25969",21,8590
"25970",21,9047
"25971",21,6886
"25972",21,6923
"25973",21,6619
"25974",21,7023
"25975",21,6734
"25976",21,6798
"25977",21,7033
"25978",21,6897
"25979",21,6964
"25980",21,7170
"25981",21,7480
"25982",21,6883
"25983",21,6758
"25984",21,7219
"25985",21,7476
"25990",21,10134
"25991",21,10330
"25992",21,9550
"25993",21,10404
"25994",21,11730
"25995",21,9192
"25996",21,9019
"26104",21,16271
"26105",21,16340
"26106",21,16461
"26107",21,16173
"26108",21,12895
"26109",21,13479
"26121",21,7782
"26122",21,8564
"26123",21,7029
"26160",21,17843
"26164",21,16044
"26165",21,16307
"26167",21,16293
"26172",21,10307
"26173",21,9957
"26175",21,10169
"26176",21,10371
"26177",21,9824
"26178",21,10734
"26179",21,11620
"26180",21,10123
"26181",21,9661
"26182",21,12925
"26187",21,10062
"26188",21,8700
"26189",21,8896
"26191",21,7086
"26192",21,6860
"26193",21,6736
"26194",21,7134
"26195",21,6526
"26196",21,6621
"26197",21,6963
"26198",21,7492
"26199",21,8078
"26200",21,7874
"26201",21,7560
"26202",21,7186
"26203",21,7756
"26204",21,8292
"26209",21,9741
"26210",21,10041
"26211",21,9630
"26212",21,9905
"26213",21,10757
"26214",21,9605
"26215",21,9586
"26238",21,16037
"26239",21,15043
"26324",21,16932
"26325",21,15509
"26326",21,14750
"26327",21,15908
"26333",21,10491
"26342",21,9010
"26343",21,7657
"26379",21,17887
"26381",21,17234
"26386",21,15043
"26391",21,12751
"26394",21,9307
"26395",21,10010
"26396",21,7856
"26397",21,10379
"26398",21,9481
"26410",21,7024
"26411",21,7148
"26412",21,6955
"26413",21,6613
"26414",21,6600
"26415",21,6920
"26416",21,7156
"26417",21,7144
"26418",21,7810
"26419",21,7563
"26420",21,7496
"26421",21,7924
"26423",21,8871
"26424",21,10321
"26429",21,10375
"26432",21,9993
"26433",21,11981
"26457",21,15521
"26458",21,14705
"26544",21,16111
"26545",21,14309
"26550",21,9924
"26555",21,8439
"26556",21,7942
"26561",21,9064
"26562",21,7296
"26563",21,7154
"26564",21,6798
"26565",21,6665
"26566",21,7256
"26604",21,15017
"26605",21,13653
"26608",21,13742
"26613",21,7923
"26614",21,7652
"26615",21,7621
"26616",21,8282
"26617",21,7868
"26628",21,7295
"26629",21,7398
"26630",21,6745
"26631",21,6704
"26632",21,7039
"26633",21,6638
"26634",21,7224
"26635",21,7384
"26636",21,7171
"26637",21,7133
"26638",21,7311
"26639",21,7756
"26640",21,7664
"26641",21,8194
"26642",21,9566
"26645",21,12591
"26651",21,10000
"26675",21,13642
"26676",21,14375
"26677",21,14156
"26765",21,10307
"26766",21,10714
"26767",21,8360
"26768",21,7370
"26769",21,8522
"26770",21,7781
"26771",21,8721
"26774",21,7604
"26775",21,7751
"26776",21,8158
"26781",21,8104
"26782",21,7513
"26783",21,6707
"26784",21,6872
"26785",21,6935
"26786",21,6939
"26787",21,8018
"26788",21,8284
"26789",21,8111
"26813",21,18533
"26820",21,16728
"26828",21,16403
"26833",21,7809
"26834",21,6945
"26835",21,7430
"26838",21,7577
"26839",21,7942
"26840",21,10351
"26847",21,7046
"26848",21,6749
"26849",21,6867
"26850",21,6290
"26851",21,6353
"26852",21,6927
"26853",21,7293
"26854",21,7749
"26855",21,7938
"26856",21,7168
"26857",21,7243
"26858",21,7837
"26859",21,8079
"26860",21,8309
"26861",21,9690
"26894",21,13667
"26895",21,13791
"26896",21,13833
"26897",21,13294
"26898",21,13080
"26980",21,15225
"26984",21,10610
"26985",21,9718
"26986",21,7960
"26987",21,7367
"26988",21,7893
"26989",21,8598
"26990",21,8243
"26993",21,7830
"26994",21,8267
"26995",21,7762
"26998",21,7766
"26999",21,9056
"27000",21,8469
"27001",21,8024
"27002",21,6457
"27003",21,6781
"27004",21,7383
"27005",21,7762
"27006",21,7775
"27007",21,8616
"27008",21,8100
"27009",21,8565
"27046",21,14451
"27052",21,8708
"27054",21,6627
"27056",21,7065
"27057",21,6930
"27058",21,7788
"27059",21,7168
"27060",21,6805
"27062",21,8340
"27063",21,8282
"27067",21,6851
"27068",21,6524
"27069",21,6551
"27070",21,6729
"27071",21,6580
"27072",21,7190
"27073",21,7629
"27074",21,8056
"27075",21,7058
"27076",21,8171
"27078",21,10332
"27079",21,8930
"27080",21,12405
"27081",21,15251
"27082",21,16045
"27088",21,13215
"27110",21,15752
"27111",21,16172
"27112",21,14401
"27113",21,13549
"27114",21,14115
"27115",21,14074
"27116",21,13301
"27117",21,13259
"27118",21,13417
"27203",21,8548
"27204",21,7529
"27205",21,7903
"27206",21,7119
"27207",21,8424
"27208",21,7850
"27209",21,8064
"27210",21,7996
"27213",21,7776
"27214",21,7755
"27216",21,7463
"27217",21,7839
"27218",21,8171
"27220",21,7179
"27221",21,6386
"27222",21,6441
"27223",21,6809
"27224",21,6587
"27225",21,7117
"27226",21,9151
"27227",21,9253
"27232",21,9598
"27265",21,16243
"27266",21,14957
"27273",21,7201
"27274",21,6864
"27275",21,7094
"27276",21,6951
"27277",21,7760
"27278",21,7634
"27279",21,6760
"27281",21,7544
"27282",21,7924
"27283",21,7723
"27285",21,7725
"27286",21,8139
"27287",21,7163
"27288",21,6704
"27289",21,7437
"27290",21,7132
"27291",21,7181
"27292",21,7763
"27293",21,7006
"27294",21,7308
"27295",21,7932
"27296",21,8352
"27297",21,8863
"27299",21,13498
"27300",21,15541
"27301",21,15373
"27321",21,20060
"27328",21,16665
"27329",21,17140
"27330",21,14628
"27331",21,15124
"27332",21,14192
"27334",21,13648
"27335",21,13918
"27336",21,12814
"27421",21,8487
"27422",21,8301
"27423",21,7822
"27424",21,7603
"27425",21,7159
"27426",21,7944
"27427",21,8125
"27428",21,8186
"27429",21,8314
"27430",21,8390
"27431",21,7946
"27432",21,7491
"27433",21,7263
"27434",21,7163
"27435",21,7169
"27436",21,7720
"27437",21,7920
"27438",21,7438
"27439",21,8157
"27440",21,6623
"27441",21,6804
"27442",21,6899
"27443",21,6598
"27444",21,7145
"27446",21,7715
"27450",21,8335
"27451",21,10801
"27471",21,16705
"27481",21,18535
"27483",21,17336
"27484",21,14430
"27485",21,13816
"27486",21,13164
"27491",21,8125
"27492",21,8043
"27493",21,7678
"27494",21,7427
"27496",21,7247
"27497",21,6718
"27498",21,6856
"27500",21,7126
"27501",21,7827
"27502",21,7758
"27503",21,8160
"27504",21,7709
"27505",21,7530
"27506",21,7194
"27507",21,6946
"27508",21,7153
"27509",21,6996
"27510",21,7151
"27511",21,7033
"27512",21,7277
"27513",21,7152
"27517",21,12676
"27518",21,15426
"27540",21,21811
"27547",21,16359
"27548",21,15208
"27549",21,14632
"27550",21,15139
"27551",21,14007
"27552",21,13158
"27553",21,13123
"27554",21,13048
"27555",21,13048
"27633",21,8288
"27634",21,8098
"27635",21,8119
"27636",21,8066
"27637",21,9261
"27638",21,9179
"27639",21,10535
"27640",21,10015
"27641",21,7257
"27642",21,6661
"27643",21,6508
"27644",21,6472
"27645",21,7273
"27646",21,7975
"27647",21,7705
"27648",21,8382
"27649",21,8162
"27650",21,7575
"27651",21,7431
"27652",21,7266
"27653",21,6898
"27654",21,7470
"27656",21,6756
"27657",21,8684
"27658",21,6049
"27659",21,7063
"27660",21,6963
"27661",21,6971
"27662",21,6602
"27663",21,7191
"27664",21,8261
"27669",21,9304
"27670",21,10531
"27699",21,20129
"27700",21,18000
"27701",21,16965
"27702",21,15955
"27703",21,13072
"27704",21,13066
"27705",21,13555
"27710",21,7829
"27711",21,7707
"27712",21,8218
"27713",21,7906
"27716",21,9086
"27717",21,6415
"27719",21,7149
"27720",21,6946
"27721",21,7079
"27722",21,7619
"27723",21,7529
"27724",21,7425
"27725",21,6585
"27726",21,6602
"27727",21,7085
"27728",21,7775
"27729",21,6911
"27730",21,7436
"27731",21,7450
"27732",21,8660
"27740",21,15530
"27747",21,14019
"27748",21,14019
"27766",21,15648
"27767",21,15814
"27768",21,15350
"27769",21,14580
"27770",21,13641
"27771",21,13205
"27772",21,13685
"27773",21,12877
"27774",21,13303
"27850",21,8718
"27851",21,9063
"27852",21,8367
"27853",21,7887
"27854",21,7771
"27855",21,7164
"27856",21,8901
"27857",21,8324
"27858",21,7737
"27859",21,6912
"27860",21,7359
"27861",21,7338
"27862",21,7438
"27863",21,7305
"27864",21,7195
"27865",21,7217
"27866",21,7240
"27867",21,8451
"27868",21,7635
"27869",21,7013
"27870",21,7117
"27871",21,7395
"27872",21,6868
"27873",21,7524
"27874",21,7231
"27875",21,6829
"27876",21,9056
"27877",21,6710
"27878",21,6972
"27879",21,6918
"27880",21,6668
"27881",21,6583
"27882",21,6988
"27883",21,8249
"27918",21,20348
"27919",21,18257
"27920",21,16688
"27921",21,15631
"27922",21,14218
"27923",21,13590
"27924",21,13968
"27928",21,8899
"27929",21,7581
"27930",21,7512
"27931",21,7767
"27932",21,7221
"27935",21,9065
"27936",21,6778
"27938",21,6870
"27939",21,6689
"27940",21,6868
"27942",21,8039
"27943",21,6574
"27944",21,6497
"27945",21,7099
"27946",21,7587
"27947",21,7100
"27948",21,7500
"27949",21,7485
"27957",21,18753
"27958",21,15353
"27959",21,16213
"27960",21,16229
"27965",21,13534
"27966",21,13756
"27985",21,17468
"27987",21,14735
"27988",21,17880
"27989",21,14170
"27990",21,13871
"27991",21,13666
"27992",21,12920
"27993",21,13025
"28068",21,10215
"28069",21,10001
"28070",21,8373
"28071",21,8134
"28072",21,8207
"28074",21,7047
"28075",21,8492
"28077",21,7373
"28078",21,6895
"28079",21,6613
"28080",21,7682
"28081",21,7119
"28082",21,7314
"28083",21,7592
"28084",21,6951
"28085",21,7424
"28086",21,7669
"28087",21,8894
"28088",21,7962
"28089",21,6958
"28090",21,6633
"28091",21,7167
"28092",21,7149
"28093",21,7929
"28094",21,6880
"28095",21,6859
"28097",21,7957
"28098",21,7329
"28099",21,6797
"28100",21,6804
"28101",21,7937
"28102",21,8630
"28106",21,9022
"28108",21,8561
"28111",21,10134
"28112",21,10993
"28124",21,23233
"28137",21,20704
"28138",21,18412
"28139",21,17001
"28141",21,15912
"28142",21,15223
"28143",21,14796
"28145",21,9642
"28149",21,8887
"28150",21,8375
"28153",21,10025
"28154",21,7025
"28155",21,6732
"28156",21,5884
"28157",21,6318
"28158",21,6520
"28159",21,6216
"28160",21,7271
"28161",21,7671
"28162",21,6818
"28163",21,6812
"28164",21,6936
"28165",21,7165
"28166",21,7464
"28167",21,7207
"28168",21,8137
"28178",21,16512
"28179",21,18527
"28188",21,15707
"28189",21,18061
"28197",21,20471
"28205",21,16273
"28206",21,16988
"28208",21,14087
"28209",21,14203
"28210",21,13561
"28212",21,14545
"28287",21,9701
"28288",21,9504
"28292",21,8191
"28294",21,8396
"28295",21,7621
"28296",21,7642
"28297",21,8164
"28298",21,6756
"28299",21,7065
"28300",21,7686
"28301",21,7726
"28302",21,8001
"28303",21,6940
"28304",21,7562
"28307",21,7232
"28308",21,7164
"28309",21,6638
"28310",21,6981
"28311",21,7014
"28312",21,7016
"28313",21,6932
"28314",21,7490
"28316",21,7366
"28317",21,7320
"28318",21,7049
"28319",21,7054
"28321",21,8044
"28323",21,8845
"28324",21,9122
"28325",21,9529
"28327",21,10361
"28328",21,9410
"28330",21,9874
"28356",21,19425
"28358",21,17807
"28359",21,17511
"28360",21,14664
"28361",21,14310
"28362",21,14445
"28367",21,9496
"28372",21,7951
"28373",21,6389
"28374",21,7079
"28375",21,5928
"28376",21,6089
"28377",21,6884
"28378",21,7227
"28379",21,8118
"28380",21,8085
"28381",21,7169
"28382",21,7704
"28383",21,6818
"28384",21,7489
"28385",21,7298
"28386",21,9313
"28403",21,13359
"28404",21,13552
"28405",21,13631
"28406",21,14605
"28407",21,15569
"28414",21,23679
"28418",21,22815
"28427",21,14968
"28428",21,14768
"28506",21,12561
"28507",21,8508
"28509",21,9174
"28510",21,8770
"28511",21,8489
"28512",21,7933
"28513",21,7216
"28514",21,7415
"28515",21,7659
"28516",21,6888
"28517",21,6910
"28518",21,6307
"28519",21,7585
"28520",21,7870
"28521",21,7621
"28522",21,6856
"28523",21,7496
"28524",21,7498
"28525",21,7996
"28526",21,7141
"28527",21,7294
"28528",21,7932
"28529",21,7073
"28530",21,6863
"28531",21,6790
"28532",21,6971
"28533",21,8257
"28534",21,11629
"28535",21,8579
"28536",21,7205
"28537",21,6910
"28538",21,7107
"28539",21,7521
"28541",21,8427
"28542",21,8881
"28543",21,8922
"28544",21,9336
"28546",21,10174
"28547",21,9982
"28548",21,9956
"28549",21,10461
"28550",21,10171
"28551",21,10424
"28575",21,20922
"28576",21,19473
"28577",21,19096
"28578",21,17052
"28579",21,14638
"28581",21,13697
"28583",21,9313
"28584",21,8791
"28585",21,8786
"28593",21,7161
"28594",21,6410
"28595",21,6542
"28596",21,7096
"28597",21,7140
"28598",21,7542
"28599",21,8049
"28600",21,7796
"28601",21,8046
"28602",21,8753
"28603",21,8410
"28604",21,9303
"28605",21,10191
"28621",21,15238
"28622",21,14258
"28623",21,14447
"28624",21,14555
"28625",21,15560
"28626",21,15366
"28627",21,16077
"28630",21,22791
"28642",21,17207
"28643",21,16197
"28644",21,15637
"28646",21,14437
"28647",21,13867
"28728",21,10353
"28729",21,10034
"28730",21,8570
"28731",21,7639
"28732",21,7126
"28733",21,7152
"28734",21,7076
"28735",21,6689
"28736",21,6367
"28737",21,6533
"28738",21,7267
"28739",21,7389
"28740",21,7730
"28741",21,7820
"28742",21,8082
"28743",21,7917
"28744",21,8551
"28745",21,8264
"28746",21,8604
"28747",21,7679
"28748",21,8409
"28749",21,6510
"28750",21,6399
"28751",21,8819
"28752",21,9642
"28753",21,8885
"28754",21,8363
"28755",21,7017
"28756",21,7060
"28757",21,7041
"28758",21,7370
"28759",21,7820
"28760",21,7761
"28761",21,7789
"28762",21,8779
"28763",21,10106
"28767",21,10071
"28768",21,9953
"28769",21,10114
"28770",21,10150
"28771",21,10497
"28794",21,20925
"28795",21,19581
"28796",21,18602
"28797",21,18130
"28798",21,14001
"28799",21,12158
"28800",21,12160
"28802",21,9568
"28805",21,8452
"28807",21,8720
"28811",21,6717
"28813",21,6560
"28814",21,7278
"28815",21,7086
"28816",21,7876
"28817",21,8701
"28818",21,8986
"28819",21,8047
"28820",21,8924
"28821",21,8280
"28822",21,8734
"28823",21,9152
"28824",21,10096
"28825",21,10101
"28841",21,14917
"28842",21,14784
"28843",21,15341
"28844",21,16047
"28845",21,15542
"28861",21,17603
"28862",21,17386
"28863",21,16780
"28949",21,7937
"28950",21,7637
"28951",21,7678
"28952",21,7151
"28953",21,7072
"28954",21,6078
"28955",21,6403
"28956",21,6645
"28957",21,7591
"28958",21,6813
"28959",21,7073
"28960",21,7479
"28961",21,7216
"28962",21,8179
"28963",21,7727
"28964",21,8223
"28965",21,8001
"28966",21,6554
"28967",21,7286
"28969",21,6520
"28970",21,9077
"28972",21,8857
"28973",21,7163
"28974",21,6889
"28975",21,7346
"28976",21,7514
"28978",21,7803
"28979",21,7960
"28980",21,8359
"28981",21,8959
"28982",21,10588
"28987",21,10810
"28988",21,11342
"28989",21,10819
"28990",21,10885
"28991",21,11321
"28992",21,12662
"29003",21,20869
"29013",21,21277
"29014",21,19005
"29015",21,18607
"29017",21,13679
"29018",21,13171
"29019",21,12713
"29022",21,9639
"29023",21,8786
"29025",21,8462
"29026",21,7609
"29027",21,7093
"29029",21,6655
"29030",21,6778
"29031",21,6259
"29032",21,7031
"29033",21,7701
"29034",21,7860
"29035",21,8055
"29036",21,8214
"29037",21,8377
"29038",21,7368
"29039",21,7681
"29040",21,7630
"29041",21,8402
"29042",21,9199
"29043",21,10079
"29044",21,10079
"29045",21,21283
"29061",21,18904
"29062",21,18509
"29063",21,15658
"29064",21,15335
"29071",21,22253
"29080",21,18428
"29081",21,20884
"29082",21,18603
"29168",21,10539
"29169",21,8114
"29170",21,8378
"29171",21,6941
"29172",21,7782
"29174",21,6239
"29175",21,6524
"29176",21,6590
"29177",21,7186
"29178",21,7313
"29179",21,7134
"29180",21,7101
"29181",21,9915
"29182",21,8207
"29183",21,8061
"29184",21,7155
"29185",21,7044
"29186",21,7195
"29187",21,7214
"29188",21,7895
"29191",21,8620
"29192",21,7981
"29193",21,8145
"29194",21,7665
"29195",21,8590
"29196",21,8187
"29197",21,7654
"29198",21,8137
"29199",21,8102
"29200",21,8589
"29201",21,9489
"29205",21,11582
"29206",21,12664
"29207",21,12356
"29208",21,12148
"29209",21,11198
"29210",21,13692
"29232",21,19599
"29233",21,19140
"29237",21,12363
"29238",21,11744
"29239",21,10366
"29241",21,9800
"29242",21,8819
"29243",21,9248
"29247",21,7639
"29248",21,7800
"29249",21,6574
"29250",21,7013
"29251",21,7570
"29252",21,8185
"29253",21,6746
"29254",21,7322
"29257",21,7934
"29258",21,7373
"29259",21,7288
"29260",21,8405
"29261",21,8429
"29263",21,11613
"29279",21,18926
"29282",21,16904
"29299",21,18402
"29300",21,17462
"29301",21,23074
"29303",21,16838
"29388",21,8469
"29389",21,7933
"29391",21,6881
"29392",21,6353
"29393",21,6239
"29394",21,6740
"29395",21,6813
"29396",21,8396
"29397",21,8039
"29398",21,6917
"29399",21,6881
"29400",21,6570
"29401",21,6878
"29402",21,7024
"29403",21,6815
"29404",21,7317
"29405",21,7737
"29406",21,7565
"29409",21,8397
"29410",21,7603
"29411",21,7923
"29413",21,7671
"29414",21,8228
"29415",21,7297
"29416",21,7327
"29417",21,8557
"29418",21,9219
"29419",21,9350
"29420",21,9668
"29425",21,13163
"29426",21,12672
"29427",21,12649
"29428",21,12941
"29429",21,11290
"29461",21,9460
"29464",21,8094
"29465",21,7361
"29466",21,7670
"29467",21,7113
"29468",21,6679
"29469",21,6523
"29470",21,6679
"29473",21,7462
"29474",21,7345
"29477",21,7437
"29478",21,8185
"29479",21,8332
"29480",21,8207
"29481",21,10947
"29497",21,22462
"29500",21,21368
"29503",21,17638
"29504",21,22162
"29505",21,22362
"29603",21,12883
"29607",21,7735
"29608",21,6806
"29609",21,6116
"29610",21,6220
"29611",21,6126
"29612",21,6332
"29613",21,6460
"29614",21,6692
"29615",21,6923
"29616",21,6880
"29617",21,6640
"29618",21,6609
"29619",21,6807
"29620",21,6199
"29621",21,5807
"29622",21,6479
"29623",21,7174
"29624",21,7559
"29625",21,7809
"29626",21,7691
"29627",21,9426
"29628",21,9310
"29629",21,7406
"29630",21,7161
"29631",21,7864
"29632",21,7791
"29633",21,8345
"29634",21,8713
"29635",21,8242
"29636",21,7730
"29637",21,9879
"29638",21,10493
"29639",21,10532
"29644",21,9811
"29645",21,12909
"29646",21,10722
"29647",21,10663
"29648",21,10830
"29656",21,20606
"29678",21,9868
"29679",21,9243
"29680",21,8994
"29681",21,8325
"29684",21,7776
"29685",21,8301
"29686",21,7220
"29687",21,6704
"29688",21,7011
"29689",21,6411
"29690",21,6822
"29691",21,7334
"29692",21,7268
"29693",21,8010
"29694",21,8213
"29696",21,7857
"29700",21,10334
"29701",21,9710
"29702",21,9647
"29720",21,20304
"29724",21,23310
"29725",21,22904
"29732",21,21253
"29741",21,17052
"29821",21,14461
"29826",21,10185
"29827",21,7196
"29829",21,7121
"29830",21,6559
"29831",21,6396
"29832",21,6450
"29833",21,6905
"29834",21,6872
"29835",21,7721
"29836",21,7052
"29837",21,6983
"29838",21,6735
"29839",21,6601
"29840",21,5855
"29841",21,6689
"29842",21,6519
"29843",21,6883
"29844",21,7568
"29845",21,8120
"29846",21,9500
"29848",21,7352
"29849",21,7791
"29850",21,7505
"29851",21,8137
"29852",21,7976
"29853",21,8428
"29854",21,8747
"29855",21,7844
"29856",21,8351
"29857",21,8551
"29858",21,8923
"29863",21,8766
"29864",21,9427
"29865",21,9435
"29866",21,10154
"29867",21,10669
"29896",21,10905
"29897",21,9678
"29898",21,10772
"29903",21,8487
"29904",21,8373
"29905",21,7669
"29906",21,6820
"29907",21,7012
"29908",21,7293
"29909",21,7357
"29910",21,7470
"29911",21,7536
"29912",21,7833
"29913",21,9046
"29918",21,9762
"29919",21,10078
"29920",21,9852
"29921",21,10952
"29934",21,22268
"30048",21,7685
"30049",21,7983
"30050",21,6838
"30051",21,7454
"30053",21,7158
"30054",21,9081
"30055",21,7263
"30056",21,7869
"30057",21,7696
"30058",21,7024
"30059",21,6262
"30060",21,6034
"30061",21,6366
"30062",21,6463
"30063",21,8077
"30064",21,10456
"30065",21,10003
"30066",21,9645
"30067",21,7887
"30068",21,7484
"30069",21,7983
"30070",21,9124
"30071",21,8834
"30072",21,8895
"30073",21,8597
"30074",21,7812
"30075",21,8347
"30076",21,8114
"30077",21,8150
"30082",21,8697
"30083",21,10762
"30084",21,9540
"30085",21,10743
"30105",21,19264
"30107",21,18148
"30110",21,14999
"30111",21,15113
"30121",21,8241
"30122",21,8203
"30123",21,8007
"30124",21,7753
"30125",21,6987
"30126",21,6395
"30127",21,8413
"30128",21,8162
"30129",21,7869
"30130",21,7930
"30136",21,11190
"30137",21,10547
"30138",21,11492
"30139",21,11108
"30149",21,22535
"30258",21,22540
"30262",21,9885
"30266",21,8923
"30267",21,8492
"30268",21,8130
"30269",21,7908
"30270",21,7482
"30271",21,7191
"30272",21,7640
"30273",21,7366
"30274",21,6604
"30275",21,7204
"30276",21,8227
"30277",21,6986
"30278",21,6115
"30279",21,6315
"30280",21,6895
"30281",21,7352
"30282",21,7992
"30283",21,8219
"30284",21,9348
"30285",21,10275
"30286",21,7736
"30287",21,8418
"30288",21,8831
"30289",21,8916
"30290",21,9055
"30291",21,9404
"30292",21,8606
"30293",21,8089
"30294",21,8169
"30295",21,9348
"30296",21,8761
"30300",21,10037
"30340",21,7679
"30341",21,8083
"30342",21,7802
"30343",21,6462
"30344",21,6967
"30345",21,8631
"30346",21,7831
"30347",21,7680
"30350",21,8874
"30351",21,10051
"30352",21,9935
"30356",21,10913
"30372",21,24735
"30481",21,10854
"30485",21,8664
"30486",21,8496
"30487",21,8726
"30488",21,7986
"30489",21,7594
"30490",21,9062
"30491",21,7538
"30492",21,7386
"30493",21,6736
"30494",21,7331
"30495",21,6973
"30496",21,6429
"30497",21,6366
"30498",21,6405
"30499",21,7207
"30500",21,8407
"30501",21,8105
"30503",21,9115
"30504",21,10175
"30505",21,7964
"30506",21,8882
"30507",21,9656
"30508",21,10604
"30509",21,9742
"30510",21,10043
"30511",21,9570
"30512",21,9299
"30513",21,9965
"30514",21,9474
"30515",21,10664
"30517",21,9818
"30518",21,10015
"30519",21,10431
"30520",21,11454
"30521",21,11186
"30522",21,12068
"30523",21,11234
"30549",21,15160
"30557",21,8286
"30558",21,7661
"30559",21,7445
"30560",21,7362
"30561",21,6524
"30562",21,6765
"30563",21,6964
"30564",21,7060
"30565",21,7589
"30566",21,8343
"30569",21,8414
"30570",21,10843
"30592",21,26027
"30698",21,15899
"30699",21,10110
"30706",21,8846
"30707",21,8883
"30708",21,8480
"30709",21,7825
"30711",21,6671
"30712",21,7286
"30713",21,6093
"30714",21,5891
"30715",21,6237
"30716",21,5936
"30717",21,6254
"30718",21,6411
"30719",21,7147
"30720",21,8518
"30722",21,9375
"30723",21,9418
"30724",21,9188
"30725",21,8325
"30726",21,9740
"30727",21,10284
"30728",21,9529
"30734",21,12557
"30735",21,10148
"30736",21,10222
"30737",21,10798
"30738",21,10196
"30739",21,10351
"30740",21,10412
"30741",21,10631
"30767",21,15518
"30775",21,8117
"30776",21,7575
"30777",21,7535
"30778",21,7219
"30779",21,6921
"30780",21,6949
"30781",21,6649
"30782",21,6836
"30783",21,7092
"30784",21,7704
"30785",21,7788
"30787",21,8502
"30788",21,11731
"30804",21,25584
"30815",21,22730
"30918",21,10111
"30922",21,9731
"30923",21,10010
"30924",21,10748
"30925",21,9903
"30926",21,9658
"30927",21,9326
"30928",21,8394
"30929",21,8082
"30930",21,7154
"30931",21,7442
"30932",21,6897
"30933",21,6366
"30934",21,6729
"30935",21,7534
"30936",21,7401
"30937",21,6444
"30938",21,7782
"30939",21,9405
"30940",21,8046
"30941",21,6942
"30942",21,8135
"30943",21,8911
"30944",21,8612
"30945",21,9433
"30946",21,9582
"30952",21,12105
"30953",21,12628
"30954",21,9580
"30955",21,9984
"30956",21,9710
"30957",21,10028
"30958",21,11000
"30960",21,10882
"30961",21,10514
"30994",21,7021
"30995",21,7592
"30996",21,8199
"30997",21,7173
"30998",21,7223
"31001",21,7152
"31002",21,7138
"31003",21,7120
"31004",21,7186
"31005",21,7750
"31006",21,11993
"31017",21,25142
"31134",21,15178
"31135",21,13752
"31143",21,11378
"31145",21,10330
"31146",21,8608
"31147",21,8322
"31148",21,7701
"31149",21,8792
"31150",21,8561
"31152",21,7962
"31153",21,8661
"31154",21,9222
"31155",21,8299
"31156",21,8538
"31157",21,8151
"31159",21,8185
"31160",21,8279
"31161",21,9241
"31162",21,9118
"31163",21,9140
"31165",21,9535
"31171",21,9672
"31172",21,10873
"31173",21,10874
"31174",21,9808
"31175",21,9439
"31176",21,10124
"31177",21,10193
"31178",21,9738
"31179",21,11244
"31180",21,11075
"31213",21,7049
"31214",21,7363
"31215",21,7943
"31216",21,7771
"31217",21,7859
"31218",21,7815
"31220",21,9160
"31221",21,7443
"31222",21,7539
"31224",21,12236
"31266",21,24551
"31354",21,13244
"31362",21,11655
"31363",21,11554
"31365",21,10933
"31366",21,9492
"31367",21,8911
"31368",21,8849
"31369",21,9752
"31370",21,8940
"31371",21,8532
"31372",21,8470
"31373",21,8303
"31374",21,8891
"31375",21,9097
"31376",21,8568
"31377",21,7924
"31378",21,8200
"31379",21,7318
"31380",21,7820
"31381",21,7715
"31382",21,9937
"31383",21,9661
"31384",21,10482
"31385",21,9971
"31387",21,9384
"31388",21,9439
"31390",21,11278
"31391",21,10664
"31392",21,10120
"31393",21,9567
"31394",21,9440
"31395",21,9874
"31396",21,10135
"31397",21,9465
"31398",21,10342
"31399",21,10963
"31401",21,16543
"31402",21,17512
"31423",21,17844
"31431",21,7921
"31432",21,7665
"31433",21,7526
"31434",21,8212
"31435",21,7785
"31436",21,8715
"31437",21,8802
"31438",21,8218
"31439",21,7363
"31440",21,7224
"31441",21,7544
"31442",21,9031
"31567",21,20641
"31568",21,18923
"31569",21,17875
"31570",21,15468
"31571",21,14841
"31574",21,12020
"31584",21,9541
"31585",21,8375
"31586",21,9154
"31587",21,8469
"31588",21,8964
"31589",21,8896
"31590",21,9624
"31591",21,7878
"31592",21,8893
"31593",21,8616
"31594",21,9120
"31595",21,8279
"31596",21,8779
"31597",21,8083
"31598",21,8493
"31599",21,7748
"31600",21,8927
"31601",21,9290
"31602",21,9705
"31603",21,9889
"31604",21,9914
"31605",21,10490
"31606",21,9441
"31607",21,9179
"31608",21,10940
"31609",21,10729
"31610",21,9438
"31612",21,9670
"31613",21,9448
"31614",21,9377
"31615",21,10120
"31616",21,9956
"31617",21,10170
"31618",21,10543
"31620",21,17944
"31651",21,7256
"31652",21,7570
"31653",21,8001
"31654",21,7570
"31656",21,10597
"31657",21,7509
"31658",21,7713
"31659",21,7605
"31660",21,7795
"31774",21,35717
"31775",21,34289
"31777",21,31612
"31784",21,21122
"31785",21,21651
"31786",21,21805
"31787",21,24488
"31788",21,18818
"31789",21,15916
"31790",21,14950
"31793",21,12574
"31804",21,9554
"31805",21,9398
"31806",21,8477
"31807",21,8951
"31808",21,8505
"31809",21,7736
"31810",21,8405
"31811",21,7843
"31812",21,8344
"31813",21,7405
"31814",21,8144
"31815",21,9169
"31816",21,8567
"31817",21,7630
"31818",21,9152
"31819",21,9497
"31820",21,8933
"31821",21,9331
"31822",21,8881
"31823",21,8702
"31824",21,8687
"31825",21,9804
"31826",21,9051
"31827",21,9443
"31828",21,10474
"31829",21,10443
"31830",21,10304
"31831",21,10030
"31832",21,9887
"31833",21,9611
"31834",21,9748
"31835",21,10393
"31836",21,10007
"31837",21,11479
"31840",21,19876
"31869",21,8993
"31870",21,8415
"31871",21,7629
"31872",21,8257
"31873",21,7545
"31875",21,7792
"31876",21,7949
"31877",21,8241
"31878",21,8243
"31879",21,8639
"31992",21,37565
"31993",21,37612
"31994",21,35228
"32002",21,22683
"32003",21,22197
"32004",21,26364
"32005",21,20199
"32006",21,21558
"32007",21,22521
"32008",21,19155
"32024",21,8714
"32025",21,8349
"32026",21,7766
"32027",21,8551
"32028",21,7786
"32029",21,8542
"32030",21,8130
"32031",21,7897
"32032",21,8718
"32033",21,8700
"32034",21,10802
"32035",21,10925
"32036",21,8397
"32037",21,9298
"32038",21,9195
"32039",21,9019
"32040",21,9210
"32041",21,9660
"32042",21,9459
"32043",21,9124
"32044",21,9638
"32045",21,9137
"32046",21,9798
"32047",21,8627
"32048",21,9957
"32049",21,10328
"32050",21,9898
"32051",21,9689
"32052",21,10124
"32053",21,9476
"32054",21,10816
"32055",21,10699
"32056",21,11849
"32088",21,9076
"32089",21,8989
"32090",21,8227
"32091",21,7906
"32092",21,7575
"32093",21,7773
"32095",21,8054
"32096",21,8693
"32097",21,9575
"32131",21,34979
"32211",21,38959
"32212",21,39486
"32213",21,39948
"32222",21,21505
"32223",21,21099
"32224",21,20547
"32225",21,21121
"32242",21,9866
"32243",21,9851
"32244",21,9274
"32245",21,7764
"32246",21,7609
"32247",21,8300
"32248",21,7833
"32249",21,7788
"32250",21,7816
"32252",21,8865
"32253",21,10146
"32254",21,10257
"32255",21,9496
"32256",21,9952
"32257",21,9738
"32258",21,9599
"32259",21,10349
"32260",21,9797
"32261",21,9682
"32262",21,10563
"32263",21,9962
"32264",21,9959
"32265",21,9267
"32267",21,9248
"32268",21,9383
"32270",21,9662
"32271",21,10394
"32272",21,10119
"32273",21,9477
"32308",21,9695
"32309",21,9711
"32310",21,8200
"32311",21,7524
"32312",21,8222
"32313",21,9313
"32314",21,7620
"32338",21,34391
"32350",21,34883
"32351",21,32033
"32430",21,39120
"32440",21,27257
"32441",21,28789
"32442",21,27826
"32443",21,22545
"32444",21,24004
"32445",21,18196
"32446",21,18188
"32461",21,10713
"32462",21,9314
"32463",21,8311
"32464",21,9304
"32465",21,7149
"32471",21,8205
"32472",21,10034
"32473",21,10901
"32474",21,10626
"32475",21,9525
"32476",21,8501
"32477",21,9082
"32478",21,10310
"32479",21,10619
"32480",21,9694
"32481",21,10400
"32482",21,11387
"32483",21,10392
"32486",21,9171
"32487",21,9317
"32488",21,9342
"32490",21,10338
"32491",21,10554
"32492",21,10671
"32530",21,8835
"32531",21,9270
"32532",21,9154
"32533",21,9062
"32569",21,34424
"32570",21,31970
"32647",21,42399
"32648",21,41031
"32665",21,17672
"32679",21,11412
"32680",21,10673
"32681",21,9672
"32682",21,8265
"32683",21,8529
"32684",21,7339
"32688",21,6904
"32689",21,7591
"32690",21,9234
"32691",21,9876
"32692",21,9426
"32693",21,9739
"32694",21,9066
"32695",21,8489
"32696",21,8869
"32697",21,9234
"32698",21,9975
"32699",21,10230
"32700",21,9628
"32701",21,9676
"32702",21,8151
"32704",21,9079
"32705",21,9142
"32706",21,8648
"32707",21,9322
"32709",21,10816
"32710",21,10684
"32788",21,33392
"32789",21,31349
"32866",21,42006
"32867",21,45295
"32898",21,10261
"32899",21,9439
"32900",21,9623
"32901",21,8944
"32902",21,9245
"32903",21,7859
"32904",21,8451
"32907",21,7819
"32908",21,7568
"32909",21,8285
"32910",21,8279
"32911",21,8744
"32913",21,9843
"32914",21,9427
"32915",21,9485
"32916",21,9466
"32917",21,10535
"32918",21,9210
"32922",21,10642
"32923",21,9985
"32924",21,9887
"32925",21,9234
"32926",21,9811
"32998",21,39086
"33007",21,33233
"33008",21,31347
"33011",21,30084
"33021",21,21277
"33022",21,23257
"33023",21,26759
"33087",21,44836
"33116",21,11668
"33117",21,10015
"33118",21,10564
"33119",21,8148
"33120",21,9091
"33121",21,9525
"33122",21,8304
"33123",21,9295
"33124",21,8292
"33125",21,7834
"33126",21,7370
"33127",21,7692
"33128",21,8810
"33129",21,8714
"33130",21,9280
"33132",21,9748
"33134",21,10679
"33135",21,11196
"33136",21,9094
"33140",21,10411
"33141",21,11450
"33142",21,9301
"33143",21,10246
"33144",21,10281
"33145",21,9848
"33147",21,11727
"33217",21,38146
"33218",21,41664
"33219",21,42032
"33221",21,31540
"33222",21,33544
"33223",21,32358
"33224",21,34218
"33226",21,30953
"33227",21,30932
"33240",21,21743
"33241",21,21976
"33242",21,24334
"33305",21,45794
"33335",21,11228
"33336",21,11267
"33337",21,8669
"33338",21,8536
"33339",21,8155
"33340",21,8992
"33341",21,8181
"33342",21,9298
"33343",21,7367
"33345",21,6769
"33346",21,7745
"33347",21,8774
"33348",21,8962
"33349",21,10820
"33351",21,9498
"33353",21,11394
"33354",21,11302
"33355",21,9182
"33359",21,10826
"33360",21,10662
"33361",21,10281
"33362",21,9851
"33436",21,37933
"33437",21,43077
"33438",21,40928
"33439",21,38930
"33441",21,33626
"33442",21,32601
"33443",21,33251
"33444",21,32573
"33445",21,30227
"33446",21,29220
"33557",21,9304
"33558",21,9420
"33559",21,8934
"33561",21,7603
"33562",21,7396
"33563",21,7283
"33564",21,7635
"33565",21,6981
"33566",21,8134
"33567",21,9040
"33569",21,9578
"33574",21,8722
"33611",21,13628
"33655",21,36603
"33656",21,40907
"33658",21,36352
"33659",21,36250
"33660",21,36496
"33661",21,32601
"33662",21,32772
"33663",21,30381
"33664",21,30128
"33772",21,10123
"33773",21,9579
"33780",21,8552
"33781",21,8147
"33784",21,6837
"33785",21,8043
"33786",21,8347
"33787",21,10206
"33788",21,8445
"33856",21,34225
"33873",21,36092
"33874",21,40547
"33875",21,40559
"33877",21,36490
"33878",21,36486
"33879",21,37368
"33880",21,32746
"33881",21,33112
"33882",21,30849
"33883",21,29757
"33981",21,23956
"33992",21,10053
"33999",21,8715
"34000",21,8670
"34001",21,7909
"34002",21,7213
"34003",21,7290
"34004",21,8994
"34005",21,7987
"34006",21,8900
"34045",21,32899
"34092",21,38425
"34093",21,37905
"34094",21,37565
"34096",21,36417
"34097",21,36574
"34098",21,33115
"34099",21,32599
"34100",21,31734
"34101",21,30553
"34105",21,35786
"34208",21,12000
"34219",21,8800
"34220",21,7772
"34221",21,8023
"34222",21,7303
"34223",21,8509
"34226",21,10606
"34227",21,10114
"34228",21,9686
"34309",21,42623
"34310",21,38498
"34311",21,37828
"34316",21,33421
"34317",21,32468
"34318",21,31177
"34319",21,29578
"34320",21,29868
"3433",21,38373
"34438",21,9787
"34439",21,8774
"34441",21,7477
"34442",21,8600
"34444",21,10506
"34458",21,14057
"34462",21,20703
"34528",21,44362
"34529",21,38181
"34530",21,36455
"34531",21,33369
"34535",21,34824
"34536",21,36256
"34537",21,33260
"34538",21,30995
"34539",21,29099
"34545",21,35211
"34661",21,10784
"34727",21,16055
"34748",21,36839
"34749",21,32962
"34750",21,33037
"34754",21,37707
"34755",21,37665
"34756",21,32350
"34757",21,30993
"34773",21,29989
"34864",21,24714
"34888",21,11218
"34967",21,41523
"34968",21,32835
"34974",21,39101
"34975",21,38629
"34976",21,39589
"35186",21,37665
"35187",21,32137
"35208",21,24370
"35311",21,12807
"35320",21,10844
"35321",21,10921
"35405",21,32640
"35406",21,32126
"35421",21,31484
"35425",21,25274
"35433",21,32158
"35543",21,14583
"35551",21,15762
"35554",21,15498
"35580",21,40676
"35581",21,40214
"35582",21,39935
"35583",21,30770
"35624",21,32523
"35625",21,31961
"35626",21,30100
"35644",21,26252
"35645",21,24358
"35646",21,24166
"35714",21,88998
"35756",21,12627
"35758",21,12349
"35760",21,10694
"35761",21,11132
"35762",21,10968
"35763",21,12038
"35771",21,13881
"35772",21,13164
"35773",21,13756
"35780",21,19179
"35799",21,40697
"35800",21,39774
"35801",21,39386
"35802",21,39713
"35803",21,34365
"35810",21,30918
"35842",21,36198
"35843",21,36005
"35844",21,31588
"35845",21,31288
"35865",21,23463
"35954",21,22944
"35977",21,11404
"35978",21,11887
"35979",21,11058
"35980",21,12484
"35981",21,11545
"35982",21,12788
"35988",21,12421
"35989",21,12707
"35990",21,12866
"35991",21,12855
"36016",21,40277
"36017",21,39452
"36018",21,39455
"36019",21,39777
"36020",21,39780
"36021",21,43614
"36022",21,37132
"36023",21,35707
"36024",21,34816
"36053",21,25312
"36065",21,29594
"36082",21,24351
"36083",21,23013
"36197",21,12460
"36198",22,12203
"36200",22,10152
"36207",22,12762
"36208",22,13046
"36209",22,12784
"36210",22,15172
"36234",22,47053
"36235",22,41923
"36236",22,41505
"36237",22,41571
"36239",22,44052
"36241",22,44352
"36242",22,43406
"36419",22,10479
"36425",22,12345
"36426",22,12467
"36427",22,12781
"36428",22,17751
"36433",22,13777
"36439",22,23178
"36440",22,22866
"36453",22,46544
"36454",22,41888
"36455",22,43452
"36456",22,43628
"36457",22,44002
"36458",22,43540
"36459",22,42757
"3652",21,38376
"3653",21,39083
"36643",22,13859
"36644",22,12278
"36658",22,21855
"36661",22,22887
"36669",22,34774
"36672",22,45998
"36673",22,44238
"36674",22,45211
"36675",22,45119
"36676",22,47887
"36677",22,48026
"36678",22,50051
"36679",22,50560
"36738",22,27629
"36739",22,25704
"36740",22,24645
"36859",22,9853
"36860",22,9995
"36861",22,11603
"36862",22,11683
"36863",22,11516
"36870",22,13819
"36876",22,23848
"36877",22,22377
"36887",22,34855
"36891",22,45113
"36892",22,44650
"36893",22,44521
"36894",22,47251
"36895",22,47801
"36896",22,48530
"36897",22,48558
"37076",22,11715
"37077",22,11972
"37078",22,10404
"37079",22,9940
"37080",22,9815
"37081",22,10068
"37082",22,10286
"37083",22,10446
"37108",22,46894
"37109",22,43943
"37110",22,44710
"37111",22,43956
"37112",22,43373
"37113",22,45600
"37114",22,44562
"37115",22,44816
"37116",22,44061
"37117",22,43583
"37176",22,27747
"37184",22,26241
"37295",22,11689
"37296",22,11676
"37298",22,9356
"37299",22,9483
"37300",22,9685
"37301",22,9651
"37302",22,9651
"37303",22,10480
"37306",22,12532
"37309",22,14815
"37326",22,42496
"37327",22,40672
"37328",22,42145
"37329",22,41366
"37330",22,44251
"37331",22,45403
"37332",22,45364
"37333",22,44126
"37334",22,43664
"37335",22,43168
"37336",22,43116
"37462",22,59438
"37514",22,12089
"37515",22,12561
"37516",22,9959
"37517",22,10449
"37518",22,9490
"37519",22,9291
"37520",22,9540
"37521",22,9589
"37524",22,11136
"37525",22,11529
"37544",22,43698
"37545",22,40312
"37546",22,39066
"37547",22,44153
"37548",22,43423
"37549",22,43412
"37550",22,45482
"37551",22,45092
"37733",22,11611
"37734",22,12408
"37736",22,10284
"37737",22,9503
"37738",22,9396
"37739",22,9424
"37740",22,9283
"37741",22,9413
"37742",22,9979
"37743",22,10684
"37744",22,12564
"37761",22,43953
"37762",22,43063
"37763",22,40716
"37764",22,38989
"37765",22,41724
"37766",22,41409
"37767",22,44377
"37830",22,24347
"37831",22,22987
"37913",22,61556
"37946",22,21475
"37952",22,12357
"37953",22,11648
"37956",22,9415
"37957",22,9424
"37958",22,9342
"37959",22,9431
"37960",22,9099
"37961",22,10001
"37962",22,11510
"37963",22,12232
"37980",22,41369
"37981",22,41351
"37982",22,38799
"37983",22,41212
"37984",22,42185
"37985",22,44228
"38065",22,27588
"38163",22,20708
"38164",22,18486
"38165",22,16943
"38166",22,17705
"38171",22,12350
"38172",22,12489
"38174",22,10466
"38175",22,9510
"38176",22,10297
"38177",22,10506
"38178",22,9038
"38179",22,9569
"38180",22,10081
"38181",22,11079
"38184",22,18732
"38201",22,42333
"38202",22,47003
"38203",22,46673
"38204",22,44823
"38240",22,19353
"38267",22,22886
"38280",22,26538
"38391",22,10897
"38392",22,11315
"38393",22,10705
"38394",22,10547
"38395",22,10153
"38396",22,9941
"38397",22,9853
"38398",22,9060
"38402",22,17886
"38403",22,19629
"38442",22,12844
"38443",22,12628
"38455",22,16548
"38458",22,17853
"38483",22,28952
"38495",22,23622
"38499",22,26584
"38501",22,33362
"38559",22,63886
"38560",22,62760
"38561",22,62766
"38606",22,13712
"38609",22,11215
"38610",22,11004
"38611",22,11109
"38612",22,9688
"38613",22,10945
"38614",22,10565
"38615",22,10791
"38616",22,13788
"38617",22,15410
"38618",22,14292
"38620",22,16814
"38622",22,24768
"38661",22,11903
"38662",22,12088
"38689",22,33544
"38706",22,22907
"38707",22,24013
"3871",21,38511
"38711",22,24631
"38717",22,26002
"3872",21,36831
"38720",22,34861
"38721",22,31897
"38766",22,85016
"38823",22,15861
"38825",22,14448
"38826",22,13124
"38827",22,12980
"38828",22,11132
"38829",22,11030
"38830",22,11278
"38831",22,10170
"38832",22,10422
"38833",22,10546
"38834",22,11133
"38835",22,11778
"38836",22,13594
"38837",22,21818
"38838",22,23639
"38841",22,24274
"38842",22,23520
"38879",22,12655
"38880",22,11615
"38881",22,13490
"38882",22,10787
"38924",22,22979
"38926",22,22729
"38932",22,23188
"38933",22,23694
"38986",22,84524
"38996",22,65428
"39041",22,20120
"39042",22,19597
"39043",22,14472
"39044",22,13450
"39045",22,12963
"39046",22,12805
"39047",22,11985
"39048",22,11002
"39049",22,10652
"39050",22,10375
"39051",22,10240
"39052",22,11709
"39053",22,12244
"39054",22,12834
"39055",22,13798
"39056",22,21174
"39057",22,23173
"39059",22,22097
"39060",22,24772
"39061",22,23999
"39062",22,24995
"39097",22,16195
"39099",22,10950
"39100",22,10856
"39101",22,10708
"39113",22,17909
"39121",22,28400
"39142",22,21201
"39149",22,22629
"39150",22,22682
"39155",22,27236
"39206",22,83466
"39213",22,66374
"39214",22,66374
"39261",22,18991
"39262",22,17960
"39263",22,12438
"39264",22,13325
"39265",22,13530
"39266",22,12971
"39268",22,11307
"39269",22,11391
"39270",22,12916
"39271",22,12682
"39272",22,14174
"39273",22,13339
"39274",22,14337
"39275",22,20138
"39276",22,22164
"39277",22,20140
"39278",22,21636
"39279",22,24079
"39280",22,24594
"39281",22,24479
"39316",22,16173
"39318",22,10074
"39319",22,10659
"39363",22,20760
"39364",22,20404
"39368",22,22535
"39369",22,23050
"39370",22,24564
"39371",22,25574
"39377",22,29582
"39425",22,82972
"39426",22,82498
"39433",22,67890
"39480",22,19500
"39481",22,12963
"39482",22,13132
"39483",22,13634
"39484",22,13287
"39486",22,12461
"39487",22,12136
"39488",22,11897
"39489",22,13516
"39490",22,13617
"39491",22,14723
"39492",22,13225
"39493",22,16296
"39494",22,17676
"39495",22,18666
"39496",22,24873
"39497",22,23142
"39498",22,25569
"39499",22,25562
"39536",22,17714
"39537",22,10641
"39541",22,10939
"39578",22,20088
"39579",22,21197
"39580",22,21037
"39581",22,19885
"39582",22,20077
"39583",22,20314
"39584",22,21166
"39585",22,20621
"39586",22,22864
"39587",22,22267
"39651",22,72356
"39700",22,13621
"39701",22,13932
"39704",22,12967
"39705",22,12243
"39706",22,12966
"39707",22,13146
"39708",22,13093
"39709",22,13895
"39710",22,13603
"39711",22,14207
"39712",22,15347
"39713",22,18955
"39714",22,22852
"39715",22,26608
"39716",22,27260
"39717",22,26564
"39718",22,27092
"39749",22,28755
"39755",22,18064
"39756",22,10866
"39758",22,11568
"39759",22,10220
"39760",22,9770
"39761",22,10359
"39762",22,10910
"39763",22,10558
"39795",22,20155
"39796",22,19395
"39797",22,19285
"39799",22,18785
"39800",22,19433
"39801",22,19559
"39802",22,20451
"39803",22,21406
"39804",22,21285
"39805",22,22239
"39872",22,69780
"39919",22,15254
"39920",22,15683
"39921",22,14039
"39922",22,12517
"39923",22,13485
"39924",22,12771
"39925",22,12267
"39926",22,13444
"39927",22,13475
"39928",22,13504
"39929",22,14553
"39930",22,16654
"39931",22,16237
"39932",22,17819
"39933",22,20712
"39934",22,22153
"39935",22,29846
"39936",22,28104
"39937",22,28176
"39975",22,9795
"39977",22,9224
"39978",22,9050
"39979",22,9008
"39980",22,9948
"39981",22,10590
"39982",22,9716
"39983",22,9968
"40016",22,20519
"40018",22,18626
"40019",22,18268
"40020",22,19205
"40021",22,21324
"40022",22,21374
"40023",22,21376
"40090",22,70018
"40134",22,18092
"40136",22,16115
"40137",22,15700
"40138",22,14693
"40139",22,14542
"40140",22,14541
"40141",22,13485
"40142",22,14473
"40143",22,13779
"40144",22,13760
"40145",22,15424
"40146",22,15558
"40147",22,15408
"40148",22,14023
"40149",22,15309
"40150",22,18172
"40151",22,18839
"40152",22,21218
"40153",22,22230
"40154",22,28852
"40155",22,27214
"40156",22,28104
"40157",22,28150
"40158",22,32522
"40194",22,11637
"40196",22,9235
"40197",22,9161
"40198",22,8856
"40199",22,10189
"40200",22,9936
"40201",22,9248
"40202",22,9305
"40230",22,21017
"40231",22,20254
"40237",22,18591
"40238",22,19208
"40239",22,19165
"40240",22,21241
"40241",22,22456
"40309",22,70638
"40310",22,83228
"40350",22,33050
"40354",22,17082
"40355",22,17314
"40356",22,15200
"40357",22,16131
"40358",22,17027
"40359",22,18039
"40360",22,15000
"40361",22,14494
"40362",22,15213
"40363",22,14912
"40364",22,15978
"40365",22,16198
"40366",22,18481
"40367",22,16367
"40369",22,17389
"40370",22,20205
"40371",22,21801
"40372",22,23682
"40373",22,24185
"40374",22,26713
"40375",22,28088
"40376",22,29100
"40406",22,20074
"40413",22,11297
"40415",22,9217
"40417",22,8819
"40418",22,9504
"40419",22,9800
"40420",22,9510
"40421",22,8791
"40422",22,9390
"40451",22,23277
"40453",22,20121
"40454",22,20623
"40456",22,18819
"40457",22,19776
"40458",22,20425
"40459",22,20432
"40460",22,21447
"40461",22,21683
"40569",22,23472
"40572",22,20640
"40573",22,19039
"40574",22,16140
"40575",22,16520
"40577",22,16544
"40578",22,24423
"40579",22,22970
"40580",22,15003
"40581",22,15743
"40586",22,17818
"40590",22,21696
"40592",22,26367
"40593",22,26696
"40594",22,29848
"40595",22,31869
"40632",22,10157
"40634",22,9611
"40635",22,10343
"40636",22,8747
"40637",22,9034
"40638",22,9156
"40639",22,9662
"40640",22,8680
"40644",22,15787
"40671",22,20619
"40672",22,21546
"40673",22,21771
"40674",22,21046
"40675",22,19317
"40676",22,20271
"40677",22,20565
"40678",22,20914
"40679",22,21826
"40680",22,22108
"40687",22,27353
"40790",22,23529
"40791",22,19207
"40792",22,18123
"40793",22,15926
"40794",22,17240
"40796",22,17626
"40797",22,25456
"40798",22,27515
"40808",22,21841
"40812",22,27802
"40843",22,24985
"40847",22,17480
"40851",22,10181
"40852",22,9172
"40853",22,9073
"40854",22,9713
"40855",22,9101
"40856",22,9090
"40857",22,9345
"40858",22,8405
"40863",22,16440
"40889",22,20809
"40890",22,20619
"40891",22,21072
"40892",22,21311
"40893",22,21637
"40894",22,19233
"40895",22,19811
"40896",22,21029
"40897",22,20937
"40898",22,22504
"4090",21,38587
"4092",21,36519
"40965",22,74764
"40971",22,72882
"41009",22,23892
"41010",22,20261
"41011",22,17956
"41012",22,18343
"41013",22,18303
"41015",22,17558
"41016",22,19007
"41017",22,20029
"41018",22,22759
"41027",22,22849
"41069",22,9955
"41070",22,9264
"41071",22,9128
"41072",22,9189
"41073",22,9613
"41074",22,9549
"41075",22,9131
"41076",22,8923
"41077",22,8594
"41078",22,9227
"41081",22,15904
"41108",22,21045
"41109",22,21215
"41110",22,21672
"41111",22,20914
"41112",22,22111
"41113",22,20338
"41114",22,20492
"41115",22,20231
"41116",22,20815
"41117",22,21127
"41130",22,49003
"41189",22,75918
"41219",22,37278
"41220",22,35759
"41224",22,33037
"41228",22,21627
"41229",22,20424
"41230",22,18412
"41231",22,17729
"41234",22,20717
"41235",22,21722
"41236",22,21515
"41283",22,20950
"41286",22,13492
"41287",22,10408
"41288",22,9717
"41289",22,8870
"41290",22,9355
"41291",22,9032
"41292",22,9175
"41293",22,9177
"41294",22,8861
"41295",22,8667
"41297",22,9029
"41299",22,15325
"41309",22,22983
"41328",22,22227
"41329",22,21913
"41330",22,23149
"41332",22,20366
"41333",22,20155
"41334",22,20109
"41335",22,20585
"41436",22,40506
"41437",22,39452
"41438",22,38256
"41439",22,37271
"41440",22,38075
"41441",22,38515
"41442",22,30495
"41443",22,33037
"41446",22,23641
"41447",22,21039
"41448",22,19980
"41450",22,18281
"41452",22,20170
"41453",22,21771
"41454",22,22243
"41455",22,22268
"41502",22,25420
"41505",22,13581
"41506",22,10780
"41507",22,9598
"41508",22,8815
"41509",22,8688
"41510",22,9699
"41511",22,9199
"41512",22,8752
"41513",22,8408
"41514",22,8936
"41515",22,9100
"41529",22,22876
"41548",22,21946
"41550",22,20703
"41551",22,20170
"41552",22,19962
"41553",22,20764
"41554",22,20287
"41654",22,41683
"41655",22,40983
"41656",22,39738
"41657",22,41094
"41658",22,35913
"41659",22,35442
"41661",22,33037
"41665",22,24016
"41666",22,21131
"41667",22,18860
"41671",22,23309
"41672",22,24151
"41673",22,23421
"41674",22,24245
"41716",22,26686
"41718",22,28925
"41722",22,18628
"41724",22,13099
"41725",22,11939
"41726",22,10133
"41727",22,9322
"41728",22,9350
"41729",22,8546
"41730",22,8901
"41731",22,9197
"41732",22,8626
"41733",22,8960
"41734",22,9810
"41735",22,10179
"41770",22,21514
"41771",22,22105
"41872",22,44631
"41873",22,43366
"41874",22,43087
"41875",22,36969
"41876",22,36437
"41877",22,34879
"41878",22,34004
"41879",22,33497
"41884",22,22594
"41885",22,19977
"41886",22,20729
"41890",22,21666
"41891",22,25173
"41892",22,25932
"41893",22,25175
"41943",22,13551
"41944",22,10773
"41945",22,10069
"41946",22,9415
"41947",22,9216
"41948",22,9194
"41949",22,9094
"41950",22,8391
"41951",22,8642
"41952",22,9065
"41953",22,10096
"41954",22,9890
"41955",22,10388
"41981",22,23178
"41990",22,21840
"41991",22,21725
"42089",22,62361
"42090",22,62895
"42091",22,45375
"42093",22,38375
"42094",22,37295
"42095",22,38789
"42096",22,34466
"42097",22,34021
"42098",22,34439
"42103",22,22967
"42104",22,19896
"42105",22,21937
"42106",22,20209
"42108",22,20830
"42109",22,26064
"42110",22,27245
"42111",22,26261
"42112",22,25829
"42164",22,12742
"42165",22,9435
"42166",22,9669
"42167",22,9337
"42168",22,9056
"42169",22,9217
"42170",22,8891
"42171",22,9561
"42172",22,9227
"42173",22,9769
"42174",22,10020
"42175",22,12062
"42176",22,14243
"42177",22,16051
"42178",22,17583
"42228",22,43548
"42308",22,60871
"42309",22,47667
"42310",22,47394
"42311",22,39145
"42312",22,40123
"42314",22,35999
"42315",22,33921
"42316",22,34901
"42317",22,35951
"42322",22,22799
"42323",22,21642
"42324",22,22015
"42325",22,20214
"42327",22,21858
"42328",22,28224
"42329",22,28874
"42330",22,27756
"42331",22,27150
"42383",22,11788
"42385",22,11754
"42386",22,10701
"42387",22,9012
"42388",22,9805
"42389",22,11089
"42390",22,9770
"42391",22,9093
"42392",22,9107
"42393",22,9863
"42394",22,10385
"42395",22,12357
"42396",22,13684
"42397",22,16310
"42398",22,17709
"42399",22,16486
"42401",22,17175
"42419",22,25334
"42527",22,58226
"42528",22,49370
"42529",22,51205
"42530",22,39578
"42531",22,36002
"42532",22,35514
"42533",22,36477
"42534",22,34455
"42535",22,29876
"42536",22,29325
"42537",22,25643
"42541",22,23806
"42542",22,21810
"42543",22,21925
"42544",22,21221
"42545",22,21353
"42546",22,23382
"42547",22,29588
"42548",22,30936
"42549",22,29589
"42550",22,28280
"42601",22,12739
"42602",22,13082
"42603",22,18392
"42605",22,11184
"42606",22,10459
"42607",22,10521
"42608",22,12292
"42609",22,9949
"42610",22,9380
"42611",22,9354
"42612",22,9528
"42613",22,10509
"42614",22,10952
"42615",22,12726
"42616",22,13676
"42746",22,56591
"42747",22,57628
"42748",22,53207
"42749",22,53663
"42750",22,37033
"42751",22,37467
"42752",22,32097
"42753",22,28650
"42754",22,27392
"42755",22,26674
"42759",22,23377
"42760",22,24961
"42761",22,22716
"42762",22,22395
"42763",22,21199
"42764",22,22321
"42765",22,22873
"42766",22,30600
"42767",22,31876
"42768",22,31820
"42769",22,29798
"42804",22,37026
"42805",22,34989
"42819",22,13216
"42820",22,13195
"42821",22,12998
"42822",22,13372
"42824",22,13670
"42825",22,11718
"42826",22,11462
"42827",22,12167
"42828",22,10010
"42829",22,9668
"42830",22,9386
"42831",22,10016
"42832",22,10416
"42833",22,11287
"42834",22,12590
"42836",22,18145
"42852",22,28413
"42879",22,34521
"42881",22,36758
"42966",22,56538
"42967",22,55120
"42968",22,55507
"42969",22,43138
"42970",22,34051
"42971",22,31304
"42972",22,31395
"42973",22,33547
"42974",22,27639
"42977",22,25938
"42978",22,25533
"42979",22,22738
"42980",22,25497
"42982",22,21199
"42983",22,21732
"42984",22,22260
"42985",22,27159
"42986",22,31696
"42987",22,30791
"42988",22,29822
"43023",22,37352
"43024",22,37833
"43031",22,24763
"43036",22,20827
"43038",22,13634
"43039",22,13510
"43040",22,13335
"43041",22,12862
"43042",22,14752
"43043",22,13029
"43044",22,12267
"43045",22,12396
"43046",22,13856
"43047",22,11985
"43048",22,10720
"43049",22,11105
"43050",22,11243
"43051",22,10297
"43052",22,11915
"43053",22,12119
"43054",22,13421
"43069",22,23698
"43070",22,24629
"43071",22,28296
"43072",22,28705
"43075",22,26841
"4309",21,37555
"4310",21,35772
"4311",21,33281
"4312",21,36288
"4313",21,38249
"43185",22,58562
"43186",22,56317
"43187",22,46878
"43188",22,45049
"43189",22,44128
"43190",22,34668
"43191",22,36091
"43192",22,35108
"43196",22,26570
"43198",22,23463
"43199",22,23784
"43200",22,24984
"43201",22,21732
"43202",22,22238
"43204",22,23250
"43205",22,27664
"43206",22,31548
"43240",22,39461
"43241",22,47486
"43242",22,38820
"43244",22,34382
"43245",22,34846
"43246",22,33332
"43247",22,35323
"43248",22,33827
"43252",22,20176
"43253",22,18518
"43254",22,16518
"43255",22,15624
"43256",22,18562
"43258",22,13348
"43259",22,15390
"43260",22,16352
"43261",22,13520
"43262",22,13880
"43263",22,12138
"43264",22,13699
"43265",22,12482
"43266",22,13947
"43269",22,12551
"43270",22,13543
"43271",22,14143
"43275",22,16726
"43288",22,24629
"43289",22,24945
"43290",22,25227
"43291",22,29192
"43293",22,27775
"43403",22,41969
"43404",22,43017
"43405",22,43644
"43408",22,45122
"43409",22,35673
"43411",22,29455
"43413",22,29806
"43414",22,28024
"43415",22,28121
"43416",22,23751
"43417",22,23427
"43418",22,23984
"43419",22,24453
"43421",22,22722
"43422",22,22738
"43423",22,23778
"43424",22,26198
"43425",22,33841
"43458",22,47320
"43459",22,46101
"43460",22,44544
"43461",22,41583
"43462",22,39268
"43463",22,38921
"43464",22,33368
"43465",22,32320
"43466",22,32924
"43467",22,32399
"43468",22,26926
"43471",22,21002
"43472",22,17002
"43473",22,16582
"43474",22,17185
"43475",22,18265
"43476",22,19049
"43477",22,14700
"43478",22,15841
"43479",22,14898
"43480",22,18288
"43482",22,14204
"43483",22,14714
"43507",22,25151
"43508",22,25511
"43509",22,25385
"43518",22,25236
"43527",22,26852
"43539",22,38544
"43623",22,36849
"43624",22,36810
"43625",22,40411
"43626",22,39151
"43627",22,37905
"43629",22,37147
"43632",22,28665
"43633",22,27079
"43634",22,26330
"43635",22,24853
"43636",22,23449
"43637",22,24478
"43638",22,23979
"43639",22,24850
"43640",22,25221
"43641",22,23750
"43643",22,24672
"43644",22,33396
"43663",22,48266
"43676",22,43227
"43677",22,46778
"43678",22,46518
"43679",22,44884
"43680",22,43357
"43681",22,42366
"43682",22,38814
"43683",22,35922
"43684",22,32374
"43685",22,31896
"43686",22,31916
"43687",22,26800
"43691",22,17575
"43692",22,17160
"43693",22,17738
"43694",22,20220
"43723",22,36023
"43724",22,28137
"43725",22,26300
"43726",22,26026
"43727",22,25684
"43728",22,26036
"43843",22,38473
"43845",22,35431
"43846",22,34691
"43847",22,33346
"43848",22,35710
"43852",22,26286
"43853",22,25310
"43854",22,24915
"43855",22,23983
"43856",22,24475
"43857",22,23826
"43858",22,24347
"43859",22,25425
"43860",22,25957
"43861",22,25224
"43862",22,25794
"43863",22,31066
"43864",22,32857
"43888",22,49376
"43889",22,47545
"43890",22,45592
"43891",22,61808
"43892",22,45737
"43893",22,44518
"43894",22,44055
"43895",22,48687
"43896",22,48395
"43897",22,46874
"43898",22,47437
"43899",22,41390
"43900",22,37880
"43901",22,34932
"43902",22,34908
"43903",22,31937
"43904",22,31434
"43905",22,31319
"43906",22,28786
"43942",22,28032
"43943",22,28835
"43944",22,29962
"43945",22,29623
"43946",22,30640
"43966",22,29398
"43970",22,32266
"44060",22,44475
"44071",22,26228
"44072",22,26660
"44073",22,23979
"44075",22,24974
"44076",22,24291
"44077",22,23841
"44078",22,25539
"44079",22,25974
"44080",22,26974
"44081",22,27210
"44082",22,27188
"44083",22,33871
"44109",22,48476
"44110",22,48040
"44111",22,45849
"44112",22,45898
"44113",22,47788
"44114",22,52316
"44115",22,50101
"44116",22,46698
"44117",22,48548
"44118",22,43916
"44119",22,39926
"44120",22,34424
"44121",22,32905
"44122",22,34864
"44123",22,32815
"44124",22,33843
"44125",22,32526
"44161",22,28819
"44162",22,30487
"44163",22,31874
"44164",22,32033
"44165",22,31341
"44167",22,30905
"44280",22,39117
"44281",22,39155
"44282",22,38141
"44283",22,36507
"44284",22,35368
"44289",22,25357
"44290",22,24963
"44291",22,24412
"44292",22,24001
"44293",22,24509
"44294",22,24792
"44295",22,24794
"44296",22,24809
"44297",22,25033
"44298",22,25982
"44299",22,31902
"44300",22,30031
"44301",22,27188
"44302",22,36802
"44329",22,53244
"44330",22,49780
"44334",22,48322
"44335",22,44830
"44336",22,44993
"44337",22,43840
"44338",22,43354
"44339",22,37413
"44340",22,35920
"44341",22,35804
"44342",22,35361
"44343",22,34280
"44344",22,37262
"44374",22,26374
"44375",22,29976
"44381",22,29868
"44382",22,32551
"44383",22,32176
"44384",22,33022
"44498",22,46889
"44499",22,46927
"44500",22,47877
"44501",22,37643
"44502",22,37596
"44503",22,34985
"44504",22,33976
"44509",22,24920
"44510",22,24463
"44511",22,24468
"44512",22,24497
"44513",22,24947
"44514",22,25818
"44515",22,26369
"44516",22,24522
"44519",22,30452
"44520",22,28222
"44521",22,35394
"44522",22,36385
"44554",22,45792
"44555",22,45430
"44556",22,42940
"44557",22,41874
"44558",22,40405
"44559",22,38834
"44560",22,37344
"44561",22,35870
"44565",22,27740
"44566",22,28226
"44601",22,31761
"44602",22,31141
"44606",22,34739
"44617",22,36129
"44719",22,44856
"44720",22,41671
"44721",22,37940
"44723",22,33695
"44727",22,26419
"44729",22,24463
"44731",22,24991
"44732",22,24327
"44733",22,25821
"44734",22,24913
"44735",22,25944
"44737",22,38557
"44738",22,36498
"44739",22,35596
"44740",22,36788
"44741",22,36894
"44773",22,48107
"44774",22,44436
"44775",22,42410
"44776",22,41351
"44777",22,41763
"44778",22,43286
"44779",22,37366
"44782",22,25184
"44783",22,26706
"44784",22,27707
"44785",22,27719
"44786",22,28731
"44818",22,34417
"44939",22,42371
"44940",22,40404
"44941",22,39517
"44945",22,30371
"44946",22,30831
"44947",22,26465
"44950",22,24441
"44951",22,24875
"44952",22,24867
"44954",22,34235
"44956",22,33530
"44957",22,36970
"44958",22,39395
"44959",22,38807
"44960",22,37837
"44992",22,53812
"44993",22,47472
"44994",22,44277
"44995",22,43786
"45001",22,25718
"45002",22,26710
"45003",22,27700
"45004",22,28245
"45005",22,33239
"45063",22,31469
"45163",22,38381
"45164",22,30861
"45165",22,25976
"45166",22,25475
"45167",22,25964
"45168",22,27467
"45169",21,27245
"45170",22,25882
"45171",22,25407
"45213",22,49424
"45214",22,44798
"45215",22,43858
"45220",22,26732
"45221",22,28712
"45222",22,28203
"45223",22,31237
"45224",22,35648
"4529",21,35268
"45382",22,38859
"45383",22,29111
"45384",22,26971
"45385",22,26487
"45387",22,26449
"45389",22,26393
"45390",22,27421
"45391",22,26910
"45439",22,26201
"45440",22,29743
"45441",22,30199
"45442",22,30708
"45443",22,37140
"45602",22,27939
"45603",22,27493
"45604",22,26976
"45605",22,26970
"45606",22,26949
"45607",22,27308
"45608",22,28311
"45609",22,28389
"45655",22,39464
"45658",22,27216
"45659",22,33739
"45660",22,32220
"45661",22,33698
"45662",22,39210
"45692",22,42660
"45822",22,33664
"45823",22,27499
"45824",22,27992
"45825",22,27786
"45826",22,27317
"45827",22,28883
"45828",22,31263
"45874",22,39420
"45877",22,27216
"45881",22,38659
"46043",22,29630
"46044",22,29258
"46045",22,30345
"46048",22,32021
"46092",22,31933
"46093",22,40286
"46112",22,26128
"46263",22,29294
"46309",22,33268
"46310",22,30782
"46319",22,39638
"46320",22,42971
"46483",22,29843
"46531",22,31197
"46536",22,46693
"46537",22,46177
"46538",22,46996
"46539",22,41936
"46540",22,40777
"46541",22,41789
"46542",22,38692
"46755",22,38276
"46756",22,47568
"46757",22,44529
"46758",22,45039
"46759",22,41283
"46760",22,40218
"46761",22,40151
"46789",22,61831
"46796",22,47227
"46912",22,49893
"46975",22,50396
"46976",22,47299
"46977",22,45165
"46978",22,42801
"46979",22,40654
"46980",22,40629
"47131",22,51922
"47185",22,42750
"47194",22,42296
"47195",22,50545
"47196",22,47236
"47197",22,44251
"47198",22,41991
"47199",22,40356
"47200",22,36977
"47354",22,40286
"47411",22,46874
"47412",22,46618
"47414",22,49297
"47415",22,49400
"47416",22,43832
"47417",22,42010
"47418",22,39800
"47419",22,37023
"4749",21,31080
"47563",22,55343
"47625",22,43897
"47630",22,45432
"47631",22,46577
"47632",22,46339
"47633",22,49271
"47634",22,47417
"47635",22,46748
"47636",22,44153
"47837",22,44775
"47850",22,52424
"47851",22,44284
"47852",22,45239
"47853",22,48038
"47854",22,46265
"47855",22,45781
"47884",22,58434
"48070",22,52659
"48071",22,52056
"48072",22,40896
"48106",22,55788
"48219",22,47288
"48220",22,42943
"48324",22,56228
"48439",22,40990
"48542",22,62385
"48545",22,60618
"48546",22,54520
"48760",22,64412
"48761",22,62005
"48765",22,61801
"48767",22,62809
"48985",22,61229
"49204",22,67591
"49589",22,60122
"49590",22,58327
"49591",22,57799
"49760",22,60083
"49808",22,53696
"49809",22,60235
"50724",22,68560
"51367",22,53931
"5866",21,30775
"6522",21,25712
"7610",21,23005
"7611",21,26384
"7801",21,32558
"8040",22,25013
"8257",22,17275
"8258",22,20734
"8259",22,23323
"8260",22,25382
"8476",22,15784
"8477",22,19452
"8478",22,21690
"8479",22,21373
"8480",22,21291
"8481",22,20626
"8695",22,13387
"8696",22,14951
"8697",22,17106
"8698",22,19416
"8699",22,19408
"8700",22,20160
"8701",22,20474
"8914",22,12375
"8915",22,13318
"8916",22,13600
"8917",22,19003
"8918",22,19017
"8919",22,19049
"8920",22,21102
"8925",22,13376
"9132",22,15945
"9133",22,15665
"9134",22,11763
"9135",22,12677
"9136",22,16224
"9137",22,18380
"9138",22,18431
"9352",22,15561
"9353",22,13340
"9354",22,11698
"9355",22,12864
"9356",22,13372
"9363",22,13085
"9364",22,11933
"9365",22,11986
"9540",22,25921
"9571",22,14970
"9572",22,15168
"9573",22,14636
"9574",22,10884
"9575",22,12981
"9576",22,15142
"9577",22,15076
"9579",22,12346
"9580",22,12195
"9581",22,12581
"9582",22,13099
"9583",22,11796
"9584",22,11645
"9585",22,11948
"9586",22,12077
"9758",22,25832
"9759",22,31551
"9792",22,11094
"9793",22,11661
"9794",22,12345
"9795",22,16880
"9799",22,11920
"9800",22,11229
"9801",22,12325
"9803",22,11456
"9804",22,12184
"9805",22,11424
"9806",22,10877
"9809",22,11294
"9977",22,29443
"9978",22,30804
